SNo,Date,Covid Status
1,1/1/2010,0
2,1/2/2010,0
3,1/3/2010,0
4,1/4/2010,0
5,1/5/2010,0
6,1/6/2010,0
7,1/7/2010,0
8,1/8/2010,0
9,1/9/2010,0
10,1/10/2010,0
11,1/11/2010,0
12,1/12/2010,0
13,1/13/2010,0
14,1/14/2010,0
15,1/15/2010,0
16,1/16/2010,0
17,1/17/2010,0
18,1/18/2010,0
19,1/19/2010,0
20,1/20/2010,0
21,1/21/2010,0
22,1/22/2010,0
23,1/23/2010,0
24,1/24/2010,0
25,1/25/2010,0
26,1/26/2010,0
27,1/27/2010,0
28,1/28/2010,0
29,1/29/2010,0
30,1/30/2010,0
31,1/31/2010,0
32,2/1/2010,0
33,2/2/2010,0
34,2/3/2010,0
35,2/4/2010,0
36,2/5/2010,0
37,2/6/2010,0
38,2/7/2010,0
39,2/8/2010,0
40,2/9/2010,0
41,2/10/2010,0
42,2/11/2010,0
43,2/12/2010,0
44,2/13/2010,0
45,2/14/2010,0
46,2/15/2010,0
47,2/16/2010,0
48,2/17/2010,0
49,2/18/2010,0
50,2/19/2010,0
51,2/20/2010,0
52,2/21/2010,0
53,2/22/2010,0
54,2/23/2010,0
55,2/24/2010,0
56,2/25/2010,0
57,2/26/2010,0
58,2/27/2010,0
59,2/28/2010,0
60,3/1/2010,0
61,3/2/2010,0
62,3/3/2010,0
63,3/4/2010,0
64,3/5/2010,0
65,3/6/2010,0
66,3/7/2010,0
67,3/8/2010,0
68,3/9/2010,0
69,3/10/2010,0
70,3/11/2010,0
71,3/12/2010,0
72,3/13/2010,0
73,3/14/2010,0
74,3/15/2010,0
75,3/16/2010,0
76,3/17/2010,0
77,3/18/2010,0
78,3/19/2010,0
79,3/20/2010,0
80,3/21/2010,0
81,3/22/2010,0
82,3/23/2010,0
83,3/24/2010,0
84,3/25/2010,0
85,3/26/2010,0
86,3/27/2010,0
87,3/28/2010,0
88,3/29/2010,0
89,3/30/2010,0
90,3/31/2010,0
91,4/1/2010,0
92,4/2/2010,0
93,4/3/2010,0
94,4/4/2010,0
95,4/5/2010,0
96,4/6/2010,0
97,4/7/2010,0
98,4/8/2010,0
99,4/9/2010,0
100,4/10/2010,0
101,4/11/2010,0
102,4/12/2010,0
103,4/13/2010,0
104,4/14/2010,0
105,4/15/2010,0
106,4/16/2010,0
107,4/17/2010,0
108,4/18/2010,0
109,4/19/2010,0
110,4/20/2010,0
111,4/21/2010,0
112,4/22/2010,0
113,4/23/2010,0
114,4/24/2010,0
115,4/25/2010,0
116,4/26/2010,0
117,4/27/2010,0
118,4/28/2010,0
119,4/29/2010,0
120,4/30/2010,0
121,5/1/2010,0
122,5/2/2010,0
123,5/3/2010,0
124,5/4/2010,0
125,5/5/2010,0
126,5/6/2010,0
127,5/7/2010,0
128,5/8/2010,0
129,5/9/2010,0
130,5/10/2010,0
131,5/11/2010,0
132,5/12/2010,0
133,5/13/2010,0
134,5/14/2010,0
135,5/15/2010,0
136,5/16/2010,0
137,5/17/2010,0
138,5/18/2010,0
139,5/19/2010,0
140,5/20/2010,0
141,5/21/2010,0
142,5/22/2010,0
143,5/23/2010,0
144,5/24/2010,0
145,5/25/2010,0
146,5/26/2010,0
147,5/27/2010,0
148,5/28/2010,0
149,5/29/2010,0
150,5/30/2010,0
151,5/31/2010,0
152,6/1/2010,0
153,6/2/2010,0
154,6/3/2010,0
155,6/4/2010,0
156,6/5/2010,0
157,6/6/2010,0
158,6/7/2010,0
159,6/8/2010,0
160,6/9/2010,0
161,6/10/2010,0
162,6/11/2010,0
163,6/12/2010,0
164,6/13/2010,0
165,6/14/2010,0
166,6/15/2010,0
167,6/16/2010,0
168,6/17/2010,0
169,6/18/2010,0
170,6/19/2010,0
171,6/20/2010,0
172,6/21/2010,0
173,6/22/2010,0
174,6/23/2010,0
175,6/24/2010,0
176,6/25/2010,0
177,6/26/2010,0
178,6/27/2010,0
179,6/28/2010,0
180,6/29/2010,0
181,6/30/2010,0
182,7/1/2010,0
183,7/2/2010,0
184,7/3/2010,0
185,7/4/2010,0
186,7/5/2010,0
187,7/6/2010,0
188,7/7/2010,0
189,7/8/2010,0
190,7/9/2010,0
191,7/10/2010,0
192,7/11/2010,0
193,7/12/2010,0
194,7/13/2010,0
195,7/14/2010,0
196,7/15/2010,0
197,7/16/2010,0
198,7/17/2010,0
199,7/18/2010,0
200,7/19/2010,0
201,7/20/2010,0
202,7/21/2010,0
203,7/22/2010,0
204,7/23/2010,0
205,7/24/2010,0
206,7/25/2010,0
207,7/26/2010,0
208,7/27/2010,0
209,7/28/2010,0
210,7/29/2010,0
211,7/30/2010,0
212,7/31/2010,0
213,8/1/2010,0
214,8/2/2010,0
215,8/3/2010,0
216,8/4/2010,0
217,8/5/2010,0
218,8/6/2010,0
219,8/7/2010,0
220,8/8/2010,0
221,8/9/2010,0
222,8/10/2010,0
223,8/11/2010,0
224,8/12/2010,0
225,8/13/2010,0
226,8/14/2010,0
227,8/15/2010,0
228,8/16/2010,0
229,8/17/2010,0
230,8/18/2010,0
231,8/19/2010,0
232,8/20/2010,0
233,8/21/2010,0
234,8/22/2010,0
235,8/23/2010,0
236,8/24/2010,0
237,8/25/2010,0
238,8/26/2010,0
239,8/27/2010,0
240,8/28/2010,0
241,8/29/2010,0
242,8/30/2010,0
243,8/31/2010,0
244,9/1/2010,0
245,9/2/2010,0
246,9/3/2010,0
247,9/4/2010,0
248,9/5/2010,0
249,9/6/2010,0
250,9/7/2010,0
251,9/8/2010,0
252,9/9/2010,0
253,9/10/2010,0
254,9/11/2010,0
255,9/12/2010,0
256,9/13/2010,0
257,9/14/2010,0
258,9/15/2010,0
259,9/16/2010,0
260,9/17/2010,0
261,9/18/2010,0
262,9/19/2010,0
263,9/20/2010,0
264,9/21/2010,0
265,9/22/2010,0
266,9/23/2010,0
267,9/24/2010,0
268,9/25/2010,0
269,9/26/2010,0
270,9/27/2010,0
271,9/28/2010,0
272,9/29/2010,0
273,9/30/2010,0
274,10/1/2010,0
275,10/2/2010,0
276,10/3/2010,0
277,10/4/2010,0
278,10/5/2010,0
279,10/6/2010,0
280,10/7/2010,0
281,10/8/2010,0
282,10/9/2010,0
283,10/10/2010,0
284,10/11/2010,0
285,10/12/2010,0
286,10/13/2010,0
287,10/14/2010,0
288,10/15/2010,0
289,10/16/2010,0
290,10/17/2010,0
291,10/18/2010,0
292,10/19/2010,0
293,10/20/2010,0
294,10/21/2010,0
295,10/22/2010,0
296,10/23/2010,0
297,10/24/2010,0
298,10/25/2010,0
299,10/26/2010,0
300,10/27/2010,0
301,10/28/2010,0
302,10/29/2010,0
303,10/30/2010,0
304,10/31/2010,0
305,11/1/2010,0
306,11/2/2010,0
307,11/3/2010,0
308,11/4/2010,0
309,11/5/2010,0
310,11/6/2010,0
311,11/7/2010,0
312,11/8/2010,0
313,11/9/2010,0
314,11/10/2010,0
315,11/11/2010,0
316,11/12/2010,0
317,11/13/2010,0
318,11/14/2010,0
319,11/15/2010,0
320,11/16/2010,0
321,11/17/2010,0
322,11/18/2010,0
323,11/19/2010,0
324,11/20/2010,0
325,11/21/2010,0
326,11/22/2010,0
327,11/23/2010,0
328,11/24/2010,0
329,11/25/2010,0
330,11/26/2010,0
331,11/27/2010,0
332,11/28/2010,0
333,11/29/2010,0
334,11/30/2010,0
335,12/1/2010,0
336,12/2/2010,0
337,12/3/2010,0
338,12/4/2010,0
339,12/5/2010,0
340,12/6/2010,0
341,12/7/2010,0
342,12/8/2010,0
343,12/9/2010,0
344,12/10/2010,0
345,12/11/2010,0
346,12/12/2010,0
347,12/13/2010,0
348,12/14/2010,0
349,12/15/2010,0
350,12/16/2010,0
351,12/17/2010,0
352,12/18/2010,0
353,12/19/2010,0
354,12/20/2010,0
355,12/21/2010,0
356,12/22/2010,0
357,12/23/2010,0
358,12/24/2010,0
359,12/25/2010,0
360,12/26/2010,0
361,12/27/2010,0
362,12/28/2010,0
363,12/29/2010,0
364,12/30/2010,0
365,12/31/2010,0
366,1/1/2011,0
367,1/2/2011,0
368,1/3/2011,0
369,1/4/2011,0
370,1/5/2011,0
371,1/6/2011,0
372,1/7/2011,0
373,1/8/2011,0
374,1/9/2011,0
375,1/10/2011,0
376,1/11/2011,0
377,1/12/2011,0
378,1/13/2011,0
379,1/14/2011,0
380,1/15/2011,0
381,1/16/2011,0
382,1/17/2011,0
383,1/18/2011,0
384,1/19/2011,0
385,1/20/2011,0
386,1/21/2011,0
387,1/22/2011,0
388,1/23/2011,0
389,1/24/2011,0
390,1/25/2011,0
391,1/26/2011,0
392,1/27/2011,0
393,1/28/2011,0
394,1/29/2011,0
395,1/30/2011,0
396,1/31/2011,0
397,2/1/2011,0
398,2/2/2011,0
399,2/3/2011,0
400,2/4/2011,0
401,2/5/2011,0
402,2/6/2011,0
403,2/7/2011,0
404,2/8/2011,0
405,2/9/2011,0
406,2/10/2011,0
407,2/11/2011,0
408,2/12/2011,0
409,2/13/2011,0
410,2/14/2011,0
411,2/15/2011,0
412,2/16/2011,0
413,2/17/2011,0
414,2/18/2011,0
415,2/19/2011,0
416,2/20/2011,0
417,2/21/2011,0
418,2/22/2011,0
419,2/23/2011,0
420,2/24/2011,0
421,2/25/2011,0
422,2/26/2011,0
423,2/27/2011,0
424,2/28/2011,0
425,3/1/2011,0
426,3/2/2011,0
427,3/3/2011,0
428,3/4/2011,0
429,3/5/2011,0
430,3/6/2011,0
431,3/7/2011,0
432,3/8/2011,0
433,3/9/2011,0
434,3/10/2011,0
435,3/11/2011,0
436,3/12/2011,0
437,3/13/2011,0
438,3/14/2011,0
439,3/15/2011,0
440,3/16/2011,0
441,3/17/2011,0
442,3/18/2011,0
443,3/19/2011,0
444,3/20/2011,0
445,3/21/2011,0
446,3/22/2011,0
447,3/23/2011,0
448,3/24/2011,0
449,3/25/2011,0
450,3/26/2011,0
451,3/27/2011,0
452,3/28/2011,0
453,3/29/2011,0
454,3/30/2011,0
455,3/31/2011,0
456,4/1/2011,0
457,4/2/2011,0
458,4/3/2011,0
459,4/4/2011,0
460,4/5/2011,0
461,4/6/2011,0
462,4/7/2011,0
463,4/8/2011,0
464,4/9/2011,0
465,4/10/2011,0
466,4/11/2011,0
467,4/12/2011,0
468,4/13/2011,0
469,4/14/2011,0
470,4/15/2011,0
471,4/16/2011,0
472,4/17/2011,0
473,4/18/2011,0
474,4/19/2011,0
475,4/20/2011,0
476,4/21/2011,0
477,4/22/2011,0
478,4/23/2011,0
479,4/24/2011,0
480,4/25/2011,0
481,4/26/2011,0
482,4/27/2011,0
483,4/28/2011,0
484,4/29/2011,0
485,4/30/2011,0
486,5/1/2011,0
487,5/2/2011,0
488,5/3/2011,0
489,5/4/2011,0
490,5/5/2011,0
491,5/6/2011,0
492,5/7/2011,0
493,5/8/2011,0
494,5/9/2011,0
495,5/10/2011,0
496,5/11/2011,0
497,5/12/2011,0
498,5/13/2011,0
499,5/14/2011,0
500,5/15/2011,0
501,5/16/2011,0
502,5/17/2011,0
503,5/18/2011,0
504,5/19/2011,0
505,5/20/2011,0
506,5/21/2011,0
507,5/22/2011,0
508,5/23/2011,0
509,5/24/2011,0
510,5/25/2011,0
511,5/26/2011,0
512,5/27/2011,0
513,5/28/2011,0
514,5/29/2011,0
515,5/30/2011,0
516,5/31/2011,0
517,6/1/2011,0
518,6/2/2011,0
519,6/3/2011,0
520,6/4/2011,0
521,6/5/2011,0
522,6/6/2011,0
523,6/7/2011,0
524,6/8/2011,0
525,6/9/2011,0
526,6/10/2011,0
527,6/11/2011,0
528,6/12/2011,0
529,6/13/2011,0
530,6/14/2011,0
531,6/15/2011,0
532,6/16/2011,0
533,6/17/2011,0
534,6/18/2011,0
535,6/19/2011,0
536,6/20/2011,0
537,6/21/2011,0
538,6/22/2011,0
539,6/23/2011,0
540,6/24/2011,0
541,6/25/2011,0
542,6/26/2011,0
543,6/27/2011,0
544,6/28/2011,0
545,6/29/2011,0
546,6/30/2011,0
547,7/1/2011,0
548,7/2/2011,0
549,7/3/2011,0
550,7/4/2011,0
551,7/5/2011,0
552,7/6/2011,0
553,7/7/2011,0
554,7/8/2011,0
555,7/9/2011,0
556,7/10/2011,0
557,7/11/2011,0
558,7/12/2011,0
559,7/13/2011,0
560,7/14/2011,0
561,7/15/2011,0
562,7/16/2011,0
563,7/17/2011,0
564,7/18/2011,0
565,7/19/2011,0
566,7/20/2011,0
567,7/21/2011,0
568,7/22/2011,0
569,7/23/2011,0
570,7/24/2011,0
571,7/25/2011,0
572,7/26/2011,0
573,7/27/2011,0
574,7/28/2011,0
575,7/29/2011,0
576,7/30/2011,0
577,7/31/2011,0
578,8/1/2011,0
579,8/2/2011,0
580,8/3/2011,0
581,8/4/2011,0
582,8/5/2011,0
583,8/6/2011,0
584,8/7/2011,0
585,8/8/2011,0
586,8/9/2011,0
587,8/10/2011,0
588,8/11/2011,0
589,8/12/2011,0
590,8/13/2011,0
591,8/14/2011,0
592,8/15/2011,0
593,8/16/2011,0
594,8/17/2011,0
595,8/18/2011,0
596,8/19/2011,0
597,8/20/2011,0
598,8/21/2011,0
599,8/22/2011,0
600,8/23/2011,0
601,8/24/2011,0
602,8/25/2011,0
603,8/26/2011,0
604,8/27/2011,0
605,8/28/2011,0
606,8/29/2011,0
607,8/30/2011,0
608,8/31/2011,0
609,9/1/2011,0
610,9/2/2011,0
611,9/3/2011,0
612,9/4/2011,0
613,9/5/2011,0
614,9/6/2011,0
615,9/7/2011,0
616,9/8/2011,0
617,9/9/2011,0
618,9/10/2011,0
619,9/11/2011,0
620,9/12/2011,0
621,9/13/2011,0
622,9/14/2011,0
623,9/15/2011,0
624,9/16/2011,0
625,9/17/2011,0
626,9/18/2011,0
627,9/19/2011,0
628,9/20/2011,0
629,9/21/2011,0
630,9/22/2011,0
631,9/23/2011,0
632,9/24/2011,0
633,9/25/2011,0
634,9/26/2011,0
635,9/27/2011,0
636,9/28/2011,0
637,9/29/2011,0
638,9/30/2011,0
639,10/1/2011,0
640,10/2/2011,0
641,10/3/2011,0
642,10/4/2011,0
643,10/5/2011,0
644,10/6/2011,0
645,10/7/2011,0
646,10/8/2011,0
647,10/9/2011,0
648,10/10/2011,0
649,10/11/2011,0
650,10/12/2011,0
651,10/13/2011,0
652,10/14/2011,0
653,10/15/2011,0
654,10/16/2011,0
655,10/17/2011,0
656,10/18/2011,0
657,10/19/2011,0
658,10/20/2011,0
659,10/21/2011,0
660,10/22/2011,0
661,10/23/2011,0
662,10/24/2011,0
663,10/25/2011,0
664,10/26/2011,0
665,10/27/2011,0
666,10/28/2011,0
667,10/29/2011,0
668,10/30/2011,0
669,10/31/2011,0
670,11/1/2011,0
671,11/2/2011,0
672,11/3/2011,0
673,11/4/2011,0
674,11/5/2011,0
675,11/6/2011,0
676,11/7/2011,0
677,11/8/2011,0
678,11/9/2011,0
679,11/10/2011,0
680,11/11/2011,0
681,11/12/2011,0
682,11/13/2011,0
683,11/14/2011,0
684,11/15/2011,0
685,11/16/2011,0
686,11/17/2011,0
687,11/18/2011,0
688,11/19/2011,0
689,11/20/2011,0
690,11/21/2011,0
691,11/22/2011,0
692,11/23/2011,0
693,11/24/2011,0
694,11/25/2011,0
695,11/26/2011,0
696,11/27/2011,0
697,11/28/2011,0
698,11/29/2011,0
699,11/30/2011,0
700,12/1/2011,0
701,12/2/2011,0
702,12/3/2011,0
703,12/4/2011,0
704,12/5/2011,0
705,12/6/2011,0
706,12/7/2011,0
707,12/8/2011,0
708,12/9/2011,0
709,12/10/2011,0
710,12/11/2011,0
711,12/12/2011,0
712,12/13/2011,0
713,12/14/2011,0
714,12/15/2011,0
715,12/16/2011,0
716,12/17/2011,0
717,12/18/2011,0
718,12/19/2011,0
719,12/20/2011,0
720,12/21/2011,0
721,12/22/2011,0
722,12/23/2011,0
723,12/24/2011,0
724,12/25/2011,0
725,12/26/2011,0
726,12/27/2011,0
727,12/28/2011,0
728,12/29/2011,0
729,12/30/2011,0
730,12/31/2011,0
731,1/1/2012,0
732,1/2/2012,0
733,1/3/2012,0
734,1/4/2012,0
735,1/5/2012,0
736,1/6/2012,0
737,1/7/2012,0
738,1/8/2012,0
739,1/9/2012,0
740,1/10/2012,0
741,1/11/2012,0
742,1/12/2012,0
743,1/13/2012,0
744,1/14/2012,0
745,1/15/2012,0
746,1/16/2012,0
747,1/17/2012,0
748,1/18/2012,0
749,1/19/2012,0
750,1/20/2012,0
751,1/21/2012,0
752,1/22/2012,0
753,1/23/2012,0
754,1/24/2012,0
755,1/25/2012,0
756,1/26/2012,0
757,1/27/2012,0
758,1/28/2012,0
759,1/29/2012,0
760,1/30/2012,0
761,1/31/2012,0
762,2/1/2012,0
763,2/2/2012,0
764,2/3/2012,0
765,2/4/2012,0
766,2/5/2012,0
767,2/6/2012,0
768,2/7/2012,0
769,2/8/2012,0
770,2/9/2012,0
771,2/10/2012,0
772,2/11/2012,0
773,2/12/2012,0
774,2/13/2012,0
775,2/14/2012,0
776,2/15/2012,0
777,2/16/2012,0
778,2/17/2012,0
779,2/18/2012,0
780,2/19/2012,0
781,2/20/2012,0
782,2/21/2012,0
783,2/22/2012,0
784,2/23/2012,0
785,2/24/2012,0
786,2/25/2012,0
787,2/26/2012,0
788,2/27/2012,0
789,2/28/2012,0
790,2/29/2012,0
791,3/1/2012,0
792,3/2/2012,0
793,3/3/2012,0
794,3/4/2012,0
795,3/5/2012,0
796,3/6/2012,0
797,3/7/2012,0
798,3/8/2012,0
799,3/9/2012,0
800,3/10/2012,0
801,3/11/2012,0
802,3/12/2012,0
803,3/13/2012,0
804,3/14/2012,0
805,3/15/2012,0
806,3/16/2012,0
807,3/17/2012,0
808,3/18/2012,0
809,3/19/2012,0
810,3/20/2012,0
811,3/21/2012,0
812,3/22/2012,0
813,3/23/2012,0
814,3/24/2012,0
815,3/25/2012,0
816,3/26/2012,0
817,3/27/2012,0
818,3/28/2012,0
819,3/29/2012,0
820,3/30/2012,0
821,3/31/2012,0
822,4/1/2012,0
823,4/2/2012,0
824,4/3/2012,0
825,4/4/2012,0
826,4/5/2012,0
827,4/6/2012,0
828,4/7/2012,0
829,4/8/2012,0
830,4/9/2012,0
831,4/10/2012,0
832,4/11/2012,0
833,4/12/2012,0
834,4/13/2012,0
835,4/14/2012,0
836,4/15/2012,0
837,4/16/2012,0
838,4/17/2012,0
839,4/18/2012,0
840,4/19/2012,0
841,4/20/2012,0
842,4/21/2012,0
843,4/22/2012,0
844,4/23/2012,0
845,4/24/2012,0
846,4/25/2012,0
847,4/26/2012,0
848,4/27/2012,0
849,4/28/2012,0
850,4/29/2012,0
851,4/30/2012,0
852,5/1/2012,0
853,5/2/2012,0
854,5/3/2012,0
855,5/4/2012,0
856,5/5/2012,0
857,5/6/2012,0
858,5/7/2012,0
859,5/8/2012,0
860,5/9/2012,0
861,5/10/2012,0
862,5/11/2012,0
863,5/12/2012,0
864,5/13/2012,0
865,5/14/2012,0
866,5/15/2012,0
867,5/16/2012,0
868,5/17/2012,0
869,5/18/2012,0
870,5/19/2012,0
871,5/20/2012,0
872,5/21/2012,0
873,5/22/2012,0
874,5/23/2012,0
875,5/24/2012,0
876,5/25/2012,0
877,5/26/2012,0
878,5/27/2012,0
879,5/28/2012,0
880,5/29/2012,0
881,5/30/2012,0
882,5/31/2012,0
883,6/1/2012,0
884,6/2/2012,0
885,6/3/2012,0
886,6/4/2012,0
887,6/5/2012,0
888,6/6/2012,0
889,6/7/2012,0
890,6/8/2012,0
891,6/9/2012,0
892,6/10/2012,0
893,6/11/2012,0
894,6/12/2012,0
895,6/13/2012,0
896,6/14/2012,0
897,6/15/2012,0
898,6/16/2012,0
899,6/17/2012,0
900,6/18/2012,0
901,6/19/2012,0
902,6/20/2012,0
903,6/21/2012,0
904,6/22/2012,0
905,6/23/2012,0
906,6/24/2012,0
907,6/25/2012,0
908,6/26/2012,0
909,6/27/2012,0
910,6/28/2012,0
911,6/29/2012,0
912,6/30/2012,0
913,7/1/2012,0
914,7/2/2012,0
915,7/3/2012,0
916,7/4/2012,0
917,7/5/2012,0
918,7/6/2012,0
919,7/7/2012,0
920,7/8/2012,0
921,7/9/2012,0
922,7/10/2012,0
923,7/11/2012,0
924,7/12/2012,0
925,7/13/2012,0
926,7/14/2012,0
927,7/15/2012,0
928,7/16/2012,0
929,7/17/2012,0
930,7/18/2012,0
931,7/19/2012,0
932,7/20/2012,0
933,7/21/2012,0
934,7/22/2012,0
935,7/23/2012,0
936,7/24/2012,0
937,7/25/2012,0
938,7/26/2012,0
939,7/27/2012,0
940,7/28/2012,0
941,7/29/2012,0
942,7/30/2012,0
943,7/31/2012,0
944,8/1/2012,0
945,8/2/2012,0
946,8/3/2012,0
947,8/4/2012,0
948,8/5/2012,0
949,8/6/2012,0
950,8/7/2012,0
951,8/8/2012,0
952,8/9/2012,0
953,8/10/2012,0
954,8/11/2012,0
955,8/12/2012,0
956,8/13/2012,0
957,8/14/2012,0
958,8/15/2012,0
959,8/16/2012,0
960,8/17/2012,0
961,8/18/2012,0
962,8/19/2012,0
963,8/20/2012,0
964,8/21/2012,0
965,8/22/2012,0
966,8/23/2012,0
967,8/24/2012,0
968,8/25/2012,0
969,8/26/2012,0
970,8/27/2012,0
971,8/28/2012,0
972,8/29/2012,0
973,8/30/2012,0
974,8/31/2012,0
975,9/1/2012,0
976,9/2/2012,0
977,9/3/2012,0
978,9/4/2012,0
979,9/5/2012,0
980,9/6/2012,0
981,9/7/2012,0
982,9/8/2012,0
983,9/9/2012,0
984,9/10/2012,0
985,9/11/2012,0
986,9/12/2012,0
987,9/13/2012,0
988,9/14/2012,0
989,9/15/2012,0
990,9/16/2012,0
991,9/17/2012,0
992,9/18/2012,0
993,9/19/2012,0
994,9/20/2012,0
995,9/21/2012,0
996,9/22/2012,0
997,9/23/2012,0
998,9/24/2012,0
999,9/25/2012,0
1000,9/26/2012,0
1001,9/27/2012,0
1002,9/28/2012,0
1003,9/29/2012,0
1004,9/30/2012,0
1005,10/1/2012,0
1006,10/2/2012,0
1007,10/3/2012,0
1008,10/4/2012,0
1009,10/5/2012,0
1010,10/6/2012,0
1011,10/7/2012,0
1012,10/8/2012,0
1013,10/9/2012,0
1014,10/10/2012,0
1015,10/11/2012,0
1016,10/12/2012,0
1017,10/13/2012,0
1018,10/14/2012,0
1019,10/15/2012,0
1020,10/16/2012,0
1021,10/17/2012,0
1022,10/18/2012,0
1023,10/19/2012,0
1024,10/20/2012,0
1025,10/21/2012,0
1026,10/22/2012,0
1027,10/23/2012,0
1028,10/24/2012,0
1029,10/25/2012,0
1030,10/26/2012,0
1031,10/27/2012,0
1032,10/28/2012,0
1033,10/29/2012,0
1034,10/30/2012,0
1035,10/31/2012,0
1036,11/1/2012,0
1037,11/2/2012,0
1038,11/3/2012,0
1039,11/4/2012,0
1040,11/5/2012,0
1041,11/6/2012,0
1042,11/7/2012,0
1043,11/8/2012,0
1044,11/9/2012,0
1045,11/10/2012,0
1046,11/11/2012,0
1047,11/12/2012,0
1048,11/13/2012,0
1049,11/14/2012,0
1050,11/15/2012,0
1051,11/16/2012,0
1052,11/17/2012,0
1053,11/18/2012,0
1054,11/19/2012,0
1055,11/20/2012,0
1056,11/21/2012,0
1057,11/22/2012,0
1058,11/23/2012,0
1059,11/24/2012,0
1060,11/25/2012,0
1061,11/26/2012,0
1062,11/27/2012,0
1063,11/28/2012,0
1064,11/29/2012,0
1065,11/30/2012,0
1066,12/1/2012,0
1067,12/2/2012,0
1068,12/3/2012,0
1069,12/4/2012,0
1070,12/5/2012,0
1071,12/6/2012,0
1072,12/7/2012,0
1073,12/8/2012,0
1074,12/9/2012,0
1075,12/10/2012,0
1076,12/11/2012,0
1077,12/12/2012,0
1078,12/13/2012,0
1079,12/14/2012,0
1080,12/15/2012,0
1081,12/16/2012,0
1082,12/17/2012,0
1083,12/18/2012,0
1084,12/19/2012,0
1085,12/20/2012,0
1086,12/21/2012,0
1087,12/22/2012,0
1088,12/23/2012,0
1089,12/24/2012,0
1090,12/25/2012,0
1091,12/26/2012,0
1092,12/27/2012,0
1093,12/28/2012,0
1094,12/29/2012,0
1095,12/30/2012,0
1096,12/31/2012,0
1097,1/1/2013,0
1098,1/2/2013,0
1099,1/3/2013,0
1100,1/4/2013,0
1101,1/5/2013,0
1102,1/6/2013,0
1103,1/7/2013,0
1104,1/8/2013,0
1105,1/9/2013,0
1106,1/10/2013,0
1107,1/11/2013,0
1108,1/12/2013,0
1109,1/13/2013,0
1110,1/14/2013,0
1111,1/15/2013,0
1112,1/16/2013,0
1113,1/17/2013,0
1114,1/18/2013,0
1115,1/19/2013,0
1116,1/20/2013,0
1117,1/21/2013,0
1118,1/22/2013,0
1119,1/23/2013,0
1120,1/24/2013,0
1121,1/25/2013,0
1122,1/26/2013,0
1123,1/27/2013,0
1124,1/28/2013,0
1125,1/29/2013,0
1126,1/30/2013,0
1127,1/31/2013,0
1128,2/1/2013,0
1129,2/2/2013,0
1130,2/3/2013,0
1131,2/4/2013,0
1132,2/5/2013,0
1133,2/6/2013,0
1134,2/7/2013,0
1135,2/8/2013,0
1136,2/9/2013,0
1137,2/10/2013,0
1138,2/11/2013,0
1139,2/12/2013,0
1140,2/13/2013,0
1141,2/14/2013,0
1142,2/15/2013,0
1143,2/16/2013,0
1144,2/17/2013,0
1145,2/18/2013,0
1146,2/19/2013,0
1147,2/20/2013,0
1148,2/21/2013,0
1149,2/22/2013,0
1150,2/23/2013,0
1151,2/24/2013,0
1152,2/25/2013,0
1153,2/26/2013,0
1154,2/27/2013,0
1155,2/28/2013,0
1156,3/1/2013,0
1157,3/2/2013,0
1158,3/3/2013,0
1159,3/4/2013,0
1160,3/5/2013,0
1161,3/6/2013,0
1162,3/7/2013,0
1163,3/8/2013,0
1164,3/9/2013,0
1165,3/10/2013,0
1166,3/11/2013,0
1167,3/12/2013,0
1168,3/13/2013,0
1169,3/14/2013,0
1170,3/15/2013,0
1171,3/16/2013,0
1172,3/17/2013,0
1173,3/18/2013,0
1174,3/19/2013,0
1175,3/20/2013,0
1176,3/21/2013,0
1177,3/22/2013,0
1178,3/23/2013,0
1179,3/24/2013,0
1180,3/25/2013,0
1181,3/26/2013,0
1182,3/27/2013,0
1183,3/28/2013,0
1184,3/29/2013,0
1185,3/30/2013,0
1186,3/31/2013,0
1187,4/1/2013,0
1188,4/2/2013,0
1189,4/3/2013,0
1190,4/4/2013,0
1191,4/5/2013,0
1192,4/6/2013,0
1193,4/7/2013,0
1194,4/8/2013,0
1195,4/9/2013,0
1196,4/10/2013,0
1197,4/11/2013,0
1198,4/12/2013,0
1199,4/13/2013,0
1200,4/14/2013,0
1201,4/15/2013,0
1202,4/16/2013,0
1203,4/17/2013,0
1204,4/18/2013,0
1205,4/19/2013,0
1206,4/20/2013,0
1207,4/21/2013,0
1208,4/22/2013,0
1209,4/23/2013,0
1210,4/24/2013,0
1211,4/25/2013,0
1212,4/26/2013,0
1213,4/27/2013,0
1214,4/28/2013,0
1215,4/29/2013,0
1216,4/30/2013,0
1217,5/1/2013,0
1218,5/2/2013,0
1219,5/3/2013,0
1220,5/4/2013,0
1221,5/5/2013,0
1222,5/6/2013,0
1223,5/7/2013,0
1224,5/8/2013,0
1225,5/9/2013,0
1226,5/10/2013,0
1227,5/11/2013,0
1228,5/12/2013,0
1229,5/13/2013,0
1230,5/14/2013,0
1231,5/15/2013,0
1232,5/16/2013,0
1233,5/17/2013,0
1234,5/18/2013,0
1235,5/19/2013,0
1236,5/20/2013,0
1237,5/21/2013,0
1238,5/22/2013,0
1239,5/23/2013,0
1240,5/24/2013,0
1241,5/25/2013,0
1242,5/26/2013,0
1243,5/27/2013,0
1244,5/28/2013,0
1245,5/29/2013,0
1246,5/30/2013,0
1247,5/31/2013,0
1248,6/1/2013,0
1249,6/2/2013,0
1250,6/3/2013,0
1251,6/4/2013,0
1252,6/5/2013,0
1253,6/6/2013,0
1254,6/7/2013,0
1255,6/8/2013,0
1256,6/9/2013,0
1257,6/10/2013,0
1258,6/11/2013,0
1259,6/12/2013,0
1260,6/13/2013,0
1261,6/14/2013,0
1262,6/15/2013,0
1263,6/16/2013,0
1264,6/17/2013,0
1265,6/18/2013,0
1266,6/19/2013,0
1267,6/20/2013,0
1268,6/21/2013,0
1269,6/22/2013,0
1270,6/23/2013,0
1271,6/24/2013,0
1272,6/25/2013,0
1273,6/26/2013,0
1274,6/27/2013,0
1275,6/28/2013,0
1276,6/29/2013,0
1277,6/30/2013,0
1278,7/1/2013,0
1279,7/2/2013,0
1280,7/3/2013,0
1281,7/4/2013,0
1282,7/5/2013,0
1283,7/6/2013,0
1284,7/7/2013,0
1285,7/8/2013,0
1286,7/9/2013,0
1287,7/10/2013,0
1288,7/11/2013,0
1289,7/12/2013,0
1290,7/13/2013,0
1291,7/14/2013,0
1292,7/15/2013,0
1293,7/16/2013,0
1294,7/17/2013,0
1295,7/18/2013,0
1296,7/19/2013,0
1297,7/20/2013,0
1298,7/21/2013,0
1299,7/22/2013,0
1300,7/23/2013,0
1301,7/24/2013,0
1302,7/25/2013,0
1303,7/26/2013,0
1304,7/27/2013,0
1305,7/28/2013,0
1306,7/29/2013,0
1307,7/30/2013,0
1308,7/31/2013,0
1309,8/1/2013,0
1310,8/2/2013,0
1311,8/3/2013,0
1312,8/4/2013,0
1313,8/5/2013,0
1314,8/6/2013,0
1315,8/7/2013,0
1316,8/8/2013,0
1317,8/9/2013,0
1318,8/10/2013,0
1319,8/11/2013,0
1320,8/12/2013,0
1321,8/13/2013,0
1322,8/14/2013,0
1323,8/15/2013,0
1324,8/16/2013,0
1325,8/17/2013,0
1326,8/18/2013,0
1327,8/19/2013,0
1328,8/20/2013,0
1329,8/21/2013,0
1330,8/22/2013,0
1331,8/23/2013,0
1332,8/24/2013,0
1333,8/25/2013,0
1334,8/26/2013,0
1335,8/27/2013,0
1336,8/28/2013,0
1337,8/29/2013,0
1338,8/30/2013,0
1339,8/31/2013,0
1340,9/1/2013,0
1341,9/2/2013,0
1342,9/3/2013,0
1343,9/4/2013,0
1344,9/5/2013,0
1345,9/6/2013,0
1346,9/7/2013,0
1347,9/8/2013,0
1348,9/9/2013,0
1349,9/10/2013,0
1350,9/11/2013,0
1351,9/12/2013,0
1352,9/13/2013,0
1353,9/14/2013,0
1354,9/15/2013,0
1355,9/16/2013,0
1356,9/17/2013,0
1357,9/18/2013,0
1358,9/19/2013,0
1359,9/20/2013,0
1360,9/21/2013,0
1361,9/22/2013,0
1362,9/23/2013,0
1363,9/24/2013,0
1364,9/25/2013,0
1365,9/26/2013,0
1366,9/27/2013,0
1367,9/28/2013,0
1368,9/29/2013,0
1369,9/30/2013,0
1370,10/1/2013,0
1371,10/2/2013,0
1372,10/3/2013,0
1373,10/4/2013,0
1374,10/5/2013,0
1375,10/6/2013,0
1376,10/7/2013,0
1377,10/8/2013,0
1378,10/9/2013,0
1379,10/10/2013,0
1380,10/11/2013,0
1381,10/12/2013,0
1382,10/13/2013,0
1383,10/14/2013,0
1384,10/15/2013,0
1385,10/16/2013,0
1386,10/17/2013,0
1387,10/18/2013,0
1388,10/19/2013,0
1389,10/20/2013,0
1390,10/21/2013,0
1391,10/22/2013,0
1392,10/23/2013,0
1393,10/24/2013,0
1394,10/25/2013,0
1395,10/26/2013,0
1396,10/27/2013,0
1397,10/28/2013,0
1398,10/29/2013,0
1399,10/30/2013,0
1400,10/31/2013,0
1401,11/1/2013,0
1402,11/2/2013,0
1403,11/3/2013,0
1404,11/4/2013,0
1405,11/5/2013,0
1406,11/6/2013,0
1407,11/7/2013,0
1408,11/8/2013,0
1409,11/9/2013,0
1410,11/10/2013,0
1411,11/11/2013,0
1412,11/12/2013,0
1413,11/13/2013,0
1414,11/14/2013,0
1415,11/15/2013,0
1416,11/16/2013,0
1417,11/17/2013,0
1418,11/18/2013,0
1419,11/19/2013,0
1420,11/20/2013,0
1421,11/21/2013,0
1422,11/22/2013,0
1423,11/23/2013,0
1424,11/24/2013,0
1425,11/25/2013,0
1426,11/26/2013,0
1427,11/27/2013,0
1428,11/28/2013,0
1429,11/29/2013,0
1430,11/30/2013,0
1431,12/1/2013,0
1432,12/2/2013,0
1433,12/3/2013,0
1434,12/4/2013,0
1435,12/5/2013,0
1436,12/6/2013,0
1437,12/7/2013,0
1438,12/8/2013,0
1439,12/9/2013,0
1440,12/10/2013,0
1441,12/11/2013,0
1442,12/12/2013,0
1443,12/13/2013,0
1444,12/14/2013,0
1445,12/15/2013,0
1446,12/16/2013,0
1447,12/17/2013,0
1448,12/18/2013,0
1449,12/19/2013,0
1450,12/20/2013,0
1451,12/21/2013,0
1452,12/22/2013,0
1453,12/23/2013,0
1454,12/24/2013,0
1455,12/25/2013,0
1456,12/26/2013,0
1457,12/27/2013,0
1458,12/28/2013,0
1459,12/29/2013,0
1460,12/30/2013,0
1461,12/31/2013,0
1462,1/1/2014,0
1463,1/2/2014,0
1464,1/3/2014,0
1465,1/4/2014,0
1466,1/5/2014,0
1467,1/6/2014,0
1468,1/7/2014,0
1469,1/8/2014,0
1470,1/9/2014,0
1471,1/10/2014,0
1472,1/11/2014,0
1473,1/12/2014,0
1474,1/13/2014,0
1475,1/14/2014,0
1476,1/15/2014,0
1477,1/16/2014,0
1478,1/17/2014,0
1479,1/18/2014,0
1480,1/19/2014,0
1481,1/20/2014,0
1482,1/21/2014,0
1483,1/22/2014,0
1484,1/23/2014,0
1485,1/24/2014,0
1486,1/25/2014,0
1487,1/26/2014,0
1488,1/27/2014,0
1489,1/28/2014,0
1490,1/29/2014,0
1491,1/30/2014,0
1492,1/31/2014,0
1493,2/1/2014,0
1494,2/2/2014,0
1495,2/3/2014,0
1496,2/4/2014,0
1497,2/5/2014,0
1498,2/6/2014,0
1499,2/7/2014,0
1500,2/8/2014,0
1501,2/9/2014,0
1502,2/10/2014,0
1503,2/11/2014,0
1504,2/12/2014,0
1505,2/13/2014,0
1506,2/14/2014,0
1507,2/15/2014,0
1508,2/16/2014,0
1509,2/17/2014,0
1510,2/18/2014,0
1511,2/19/2014,0
1512,2/20/2014,0
1513,2/21/2014,0
1514,2/22/2014,0
1515,2/23/2014,0
1516,2/24/2014,0
1517,2/25/2014,0
1518,2/26/2014,0
1519,2/27/2014,0
1520,2/28/2014,0
1521,3/1/2014,0
1522,3/2/2014,0
1523,3/3/2014,0
1524,3/4/2014,0
1525,3/5/2014,0
1526,3/6/2014,0
1527,3/7/2014,0
1528,3/8/2014,0
1529,3/9/2014,0
1530,3/10/2014,0
1531,3/11/2014,0
1532,3/12/2014,0
1533,3/13/2014,0
1534,3/14/2014,0
1535,3/15/2014,0
1536,3/16/2014,0
1537,3/17/2014,0
1538,3/18/2014,0
1539,3/19/2014,0
1540,3/20/2014,0
1541,3/21/2014,0
1542,3/22/2014,0
1543,3/23/2014,0
1544,3/24/2014,0
1545,3/25/2014,0
1546,3/26/2014,0
1547,3/27/2014,0
1548,3/28/2014,0
1549,3/29/2014,0
1550,3/30/2014,0
1551,3/31/2014,0
1552,4/1/2014,0
1553,4/2/2014,0
1554,4/3/2014,0
1555,4/4/2014,0
1556,4/5/2014,0
1557,4/6/2014,0
1558,4/7/2014,0
1559,4/8/2014,0
1560,4/9/2014,0
1561,4/10/2014,0
1562,4/11/2014,0
1563,4/12/2014,0
1564,4/13/2014,0
1565,4/14/2014,0
1566,4/15/2014,0
1567,4/16/2014,0
1568,4/17/2014,0
1569,4/18/2014,0
1570,4/19/2014,0
1571,4/20/2014,0
1572,4/21/2014,0
1573,4/22/2014,0
1574,4/23/2014,0
1575,4/24/2014,0
1576,4/25/2014,0
1577,4/26/2014,0
1578,4/27/2014,0
1579,4/28/2014,0
1580,4/29/2014,0
1581,4/30/2014,0
1582,5/1/2014,0
1583,5/2/2014,0
1584,5/3/2014,0
1585,5/4/2014,0
1586,5/5/2014,0
1587,5/6/2014,0
1588,5/7/2014,0
1589,5/8/2014,0
1590,5/9/2014,0
1591,5/10/2014,0
1592,5/11/2014,0
1593,5/12/2014,0
1594,5/13/2014,0
1595,5/14/2014,0
1596,5/15/2014,0
1597,5/16/2014,0
1598,5/17/2014,0
1599,5/18/2014,0
1600,5/19/2014,0
1601,5/20/2014,0
1602,5/21/2014,0
1603,5/22/2014,0
1604,5/23/2014,0
1605,5/24/2014,0
1606,5/25/2014,0
1607,5/26/2014,0
1608,5/27/2014,0
1609,5/28/2014,0
1610,5/29/2014,0
1611,5/30/2014,0
1612,5/31/2014,0
1613,6/1/2014,0
1614,6/2/2014,0
1615,6/3/2014,0
1616,6/4/2014,0
1617,6/5/2014,0
1618,6/6/2014,0
1619,6/7/2014,0
1620,6/8/2014,0
1621,6/9/2014,0
1622,6/10/2014,0
1623,6/11/2014,0
1624,6/12/2014,0
1625,6/13/2014,0
1626,6/14/2014,0
1627,6/15/2014,0
1628,6/16/2014,0
1629,6/17/2014,0
1630,6/18/2014,0
1631,6/19/2014,0
1632,6/20/2014,0
1633,6/21/2014,0
1634,6/22/2014,0
1635,6/23/2014,0
1636,6/24/2014,0
1637,6/25/2014,0
1638,6/26/2014,0
1639,6/27/2014,0
1640,6/28/2014,0
1641,6/29/2014,0
1642,6/30/2014,0
1643,7/1/2014,0
1644,7/2/2014,0
1645,7/3/2014,0
1646,7/4/2014,0
1647,7/5/2014,0
1648,7/6/2014,0
1649,7/7/2014,0
1650,7/8/2014,0
1651,7/9/2014,0
1652,7/10/2014,0
1653,7/11/2014,0
1654,7/12/2014,0
1655,7/13/2014,0
1656,7/14/2014,0
1657,7/15/2014,0
1658,7/16/2014,0
1659,7/17/2014,0
1660,7/18/2014,0
1661,7/19/2014,0
1662,7/20/2014,0
1663,7/21/2014,0
1664,7/22/2014,0
1665,7/23/2014,0
1666,7/24/2014,0
1667,7/25/2014,0
1668,7/26/2014,0
1669,7/27/2014,0
1670,7/28/2014,0
1671,7/29/2014,0
1672,7/30/2014,0
1673,7/31/2014,0
1674,8/1/2014,0
1675,8/2/2014,0
1676,8/3/2014,0
1677,8/4/2014,0
1678,8/5/2014,0
1679,8/6/2014,0
1680,8/7/2014,0
1681,8/8/2014,0
1682,8/9/2014,0
1683,8/10/2014,0
1684,8/11/2014,0
1685,8/12/2014,0
1686,8/13/2014,0
1687,8/14/2014,0
1688,8/15/2014,0
1689,8/16/2014,0
1690,8/17/2014,0
1691,8/18/2014,0
1692,8/19/2014,0
1693,8/20/2014,0
1694,8/21/2014,0
1695,8/22/2014,0
1696,8/23/2014,0
1697,8/24/2014,0
1698,8/25/2014,0
1699,8/26/2014,0
1700,8/27/2014,0
1701,8/28/2014,0
1702,8/29/2014,0
1703,8/30/2014,0
1704,8/31/2014,0
1705,9/1/2014,0
1706,9/2/2014,0
1707,9/3/2014,0
1708,9/4/2014,0
1709,9/5/2014,0
1710,9/6/2014,0
1711,9/7/2014,0
1712,9/8/2014,0
1713,9/9/2014,0
1714,9/10/2014,0
1715,9/11/2014,0
1716,9/12/2014,0
1717,9/13/2014,0
1718,9/14/2014,0
1719,9/15/2014,0
1720,9/16/2014,0
1721,9/17/2014,0
1722,9/18/2014,0
1723,9/19/2014,0
1724,9/20/2014,0
1725,9/21/2014,0
1726,9/22/2014,0
1727,9/23/2014,0
1728,9/24/2014,0
1729,9/25/2014,0
1730,9/26/2014,0
1731,9/27/2014,0
1732,9/28/2014,0
1733,9/29/2014,0
1734,9/30/2014,0
1735,10/1/2014,0
1736,10/2/2014,0
1737,10/3/2014,0
1738,10/4/2014,0
1739,10/5/2014,0
1740,10/6/2014,0
1741,10/7/2014,0
1742,10/8/2014,0
1743,10/9/2014,0
1744,10/10/2014,0
1745,10/11/2014,0
1746,10/12/2014,0
1747,10/13/2014,0
1748,10/14/2014,0
1749,10/15/2014,0
1750,10/16/2014,0
1751,10/17/2014,0
1752,10/18/2014,0
1753,10/19/2014,0
1754,10/20/2014,0
1755,10/21/2014,0
1756,10/22/2014,0
1757,10/23/2014,0
1758,10/24/2014,0
1759,10/25/2014,0
1760,10/26/2014,0
1761,10/27/2014,0
1762,10/28/2014,0
1763,10/29/2014,0
1764,10/30/2014,0
1765,10/31/2014,0
1766,11/1/2014,0
1767,11/2/2014,0
1768,11/3/2014,0
1769,11/4/2014,0
1770,11/5/2014,0
1771,11/6/2014,0
1772,11/7/2014,0
1773,11/8/2014,0
1774,11/9/2014,0
1775,11/10/2014,0
1776,11/11/2014,0
1777,11/12/2014,0
1778,11/13/2014,0
1779,11/14/2014,0
1780,11/15/2014,0
1781,11/16/2014,0
1782,11/17/2014,0
1783,11/18/2014,0
1784,11/19/2014,0
1785,11/20/2014,0
1786,11/21/2014,0
1787,11/22/2014,0
1788,11/23/2014,0
1789,11/24/2014,0
1790,11/25/2014,0
1791,11/26/2014,0
1792,11/27/2014,0
1793,11/28/2014,0
1794,11/29/2014,0
1795,11/30/2014,0
1796,12/1/2014,0
1797,12/2/2014,0
1798,12/3/2014,0
1799,12/4/2014,0
1800,12/5/2014,0
1801,12/6/2014,0
1802,12/7/2014,0
1803,12/8/2014,0
1804,12/9/2014,0
1805,12/10/2014,0
1806,12/11/2014,0
1807,12/12/2014,0
1808,12/13/2014,0
1809,12/14/2014,0
1810,12/15/2014,0
1811,12/16/2014,0
1812,12/17/2014,0
1813,12/18/2014,0
1814,12/19/2014,0
1815,12/20/2014,0
1816,12/21/2014,0
1817,12/22/2014,0
1818,12/23/2014,0
1819,12/24/2014,0
1820,12/25/2014,0
1821,12/26/2014,0
1822,12/27/2014,0
1823,12/28/2014,0
1824,12/29/2014,0
1825,12/30/2014,0
1826,12/31/2014,0
1827,1/1/2015,0
1828,1/2/2015,0
1829,1/3/2015,0
1830,1/4/2015,0
1831,1/5/2015,0
1832,1/6/2015,0
1833,1/7/2015,0
1834,1/8/2015,0
1835,1/9/2015,0
1836,1/10/2015,0
1837,1/11/2015,0
1838,1/12/2015,0
1839,1/13/2015,0
1840,1/14/2015,0
1841,1/15/2015,0
1842,1/16/2015,0
1843,1/17/2015,0
1844,1/18/2015,0
1845,1/19/2015,0
1846,1/20/2015,0
1847,1/21/2015,0
1848,1/22/2015,0
1849,1/23/2015,0
1850,1/24/2015,0
1851,1/25/2015,0
1852,1/26/2015,0
1853,1/27/2015,0
1854,1/28/2015,0
1855,1/29/2015,0
1856,1/30/2015,0
1857,1/31/2015,0
1858,2/1/2015,0
1859,2/2/2015,0
1860,2/3/2015,0
1861,2/4/2015,0
1862,2/5/2015,0
1863,2/6/2015,0
1864,2/7/2015,0
1865,2/8/2015,0
1866,2/9/2015,0
1867,2/10/2015,0
1868,2/11/2015,0
1869,2/12/2015,0
1870,2/13/2015,0
1871,2/14/2015,0
1872,2/15/2015,0
1873,2/16/2015,0
1874,2/17/2015,0
1875,2/18/2015,0
1876,2/19/2015,0
1877,2/20/2015,0
1878,2/21/2015,0
1879,2/22/2015,0
1880,2/23/2015,0
1881,2/24/2015,0
1882,2/25/2015,0
1883,2/26/2015,0
1884,2/27/2015,0
1885,2/28/2015,0
1886,3/1/2015,0
1887,3/2/2015,0
1888,3/3/2015,0
1889,3/4/2015,0
1890,3/5/2015,0
1891,3/6/2015,0
1892,3/7/2015,0
1893,3/8/2015,0
1894,3/9/2015,0
1895,3/10/2015,0
1896,3/11/2015,0
1897,3/12/2015,0
1898,3/13/2015,0
1899,3/14/2015,0
1900,3/15/2015,0
1901,3/16/2015,0
1902,3/17/2015,0
1903,3/18/2015,0
1904,3/19/2015,0
1905,3/20/2015,0
1906,3/21/2015,0
1907,3/22/2015,0
1908,3/23/2015,0
1909,3/24/2015,0
1910,3/25/2015,0
1911,3/26/2015,0
1912,3/27/2015,0
1913,3/28/2015,0
1914,3/29/2015,0
1915,3/30/2015,0
1916,3/31/2015,0
1917,4/1/2015,0
1918,4/2/2015,0
1919,4/3/2015,0
1920,4/4/2015,0
1921,4/5/2015,0
1922,4/6/2015,0
1923,4/7/2015,0
1924,4/8/2015,0
1925,4/9/2015,0
1926,4/10/2015,0
1927,4/11/2015,0
1928,4/12/2015,0
1929,4/13/2015,0
1930,4/14/2015,0
1931,4/15/2015,0
1932,4/16/2015,0
1933,4/17/2015,0
1934,4/18/2015,0
1935,4/19/2015,0
1936,4/20/2015,0
1937,4/21/2015,0
1938,4/22/2015,0
1939,4/23/2015,0
1940,4/24/2015,0
1941,4/25/2015,0
1942,4/26/2015,0
1943,4/27/2015,0
1944,4/28/2015,0
1945,4/29/2015,0
1946,4/30/2015,0
1947,5/1/2015,0
1948,5/2/2015,0
1949,5/3/2015,0
1950,5/4/2015,0
1951,5/5/2015,0
1952,5/6/2015,0
1953,5/7/2015,0
1954,5/8/2015,0
1955,5/9/2015,0
1956,5/10/2015,0
1957,5/11/2015,0
1958,5/12/2015,0
1959,5/13/2015,0
1960,5/14/2015,0
1961,5/15/2015,0
1962,5/16/2015,0
1963,5/17/2015,0
1964,5/18/2015,0
1965,5/19/2015,0
1966,5/20/2015,0
1967,5/21/2015,0
1968,5/22/2015,0
1969,5/23/2015,0
1970,5/24/2015,0
1971,5/25/2015,0
1972,5/26/2015,0
1973,5/27/2015,0
1974,5/28/2015,0
1975,5/29/2015,0
1976,5/30/2015,0
1977,5/31/2015,0
1978,6/1/2015,0
1979,6/2/2015,0
1980,6/3/2015,0
1981,6/4/2015,0
1982,6/5/2015,0
1983,6/6/2015,0
1984,6/7/2015,0
1985,6/8/2015,0
1986,6/9/2015,0
1987,6/10/2015,0
1988,6/11/2015,0
1989,6/12/2015,0
1990,6/13/2015,0
1991,6/14/2015,0
1992,6/15/2015,0
1993,6/16/2015,0
1994,6/17/2015,0
1995,6/18/2015,0
1996,6/19/2015,0
1997,6/20/2015,0
1998,6/21/2015,0
1999,6/22/2015,0
2000,6/23/2015,0
2001,6/24/2015,0
2002,6/25/2015,0
2003,6/26/2015,0
2004,6/27/2015,0
2005,6/28/2015,0
2006,6/29/2015,0
2007,6/30/2015,0
2008,7/1/2015,0
2009,7/2/2015,0
2010,7/3/2015,0
2011,7/4/2015,0
2012,7/5/2015,0
2013,7/6/2015,0
2014,7/7/2015,0
2015,7/8/2015,0
2016,7/9/2015,0
2017,7/10/2015,0
2018,7/11/2015,0
2019,7/12/2015,0
2020,7/13/2015,0
2021,7/14/2015,0
2022,7/15/2015,0
2023,7/16/2015,0
2024,7/17/2015,0
2025,7/18/2015,0
2026,7/19/2015,0
2027,7/20/2015,0
2028,7/21/2015,0
2029,7/22/2015,0
2030,7/23/2015,0
2031,7/24/2015,0
2032,7/25/2015,0
2033,7/26/2015,0
2034,7/27/2015,0
2035,7/28/2015,0
2036,7/29/2015,0
2037,7/30/2015,0
2038,7/31/2015,0
2039,8/1/2015,0
2040,8/2/2015,0
2041,8/3/2015,0
2042,8/4/2015,0
2043,8/5/2015,0
2044,8/6/2015,0
2045,8/7/2015,0
2046,8/8/2015,0
2047,8/9/2015,0
2048,8/10/2015,0
2049,8/11/2015,0
2050,8/12/2015,0
2051,8/13/2015,0
2052,8/14/2015,0
2053,8/15/2015,0
2054,8/16/2015,0
2055,8/17/2015,0
2056,8/18/2015,0
2057,8/19/2015,0
2058,8/20/2015,0
2059,8/21/2015,0
2060,8/22/2015,0
2061,8/23/2015,0
2062,8/24/2015,0
2063,8/25/2015,0
2064,8/26/2015,0
2065,8/27/2015,0
2066,8/28/2015,0
2067,8/29/2015,0
2068,8/30/2015,0
2069,8/31/2015,0
2070,9/1/2015,0
2071,9/2/2015,0
2072,9/3/2015,0
2073,9/4/2015,0
2074,9/5/2015,0
2075,9/6/2015,0
2076,9/7/2015,0
2077,9/8/2015,0
2078,9/9/2015,0
2079,9/10/2015,0
2080,9/11/2015,0
2081,9/12/2015,0
2082,9/13/2015,0
2083,9/14/2015,0
2084,9/15/2015,0
2085,9/16/2015,0
2086,9/17/2015,0
2087,9/18/2015,0
2088,9/19/2015,0
2089,9/20/2015,0
2090,9/21/2015,0
2091,9/22/2015,0
2092,9/23/2015,0
2093,9/24/2015,0
2094,9/25/2015,0
2095,9/26/2015,0
2096,9/27/2015,0
2097,9/28/2015,0
2098,9/29/2015,0
2099,9/30/2015,0
2100,10/1/2015,0
2101,10/2/2015,0
2102,10/3/2015,0
2103,10/4/2015,0
2104,10/5/2015,0
2105,10/6/2015,0
2106,10/7/2015,0
2107,10/8/2015,0
2108,10/9/2015,0
2109,10/10/2015,0
2110,10/11/2015,0
2111,10/12/2015,0
2112,10/13/2015,0
2113,10/14/2015,0
2114,10/15/2015,0
2115,10/16/2015,0
2116,10/17/2015,0
2117,10/18/2015,0
2118,10/19/2015,0
2119,10/20/2015,0
2120,10/21/2015,0
2121,10/22/2015,0
2122,10/23/2015,0
2123,10/24/2015,0
2124,10/25/2015,0
2125,10/26/2015,0
2126,10/27/2015,0
2127,10/28/2015,0
2128,10/29/2015,0
2129,10/30/2015,0
2130,10/31/2015,0
2131,11/1/2015,0
2132,11/2/2015,0
2133,11/3/2015,0
2134,11/4/2015,0
2135,11/5/2015,0
2136,11/6/2015,0
2137,11/7/2015,0
2138,11/8/2015,0
2139,11/9/2015,0
2140,11/10/2015,0
2141,11/11/2015,0
2142,11/12/2015,0
2143,11/13/2015,0
2144,11/14/2015,0
2145,11/15/2015,0
2146,11/16/2015,0
2147,11/17/2015,0
2148,11/18/2015,0
2149,11/19/2015,0
2150,11/20/2015,0
2151,11/21/2015,0
2152,11/22/2015,0
2153,11/23/2015,0
2154,11/24/2015,0
2155,11/25/2015,0
2156,11/26/2015,0
2157,11/27/2015,0
2158,11/28/2015,0
2159,11/29/2015,0
2160,11/30/2015,0
2161,12/1/2015,0
2162,12/2/2015,0
2163,12/3/2015,0
2164,12/4/2015,0
2165,12/5/2015,0
2166,12/6/2015,0
2167,12/7/2015,0
2168,12/8/2015,0
2169,12/9/2015,0
2170,12/10/2015,0
2171,12/11/2015,0
2172,12/12/2015,0
2173,12/13/2015,0
2174,12/14/2015,0
2175,12/15/2015,0
2176,12/16/2015,0
2177,12/17/2015,0
2178,12/18/2015,0
2179,12/19/2015,0
2180,12/20/2015,0
2181,12/21/2015,0
2182,12/22/2015,0
2183,12/23/2015,0
2184,12/24/2015,0
2185,12/25/2015,0
2186,12/26/2015,0
2187,12/27/2015,0
2188,12/28/2015,0
2189,12/29/2015,0
2190,12/30/2015,0
2191,12/31/2015,0
2192,1/1/2016,0
2193,1/2/2016,0
2194,1/3/2016,0
2195,1/4/2016,0
2196,1/5/2016,0
2197,1/6/2016,0
2198,1/7/2016,0
2199,1/8/2016,0
2200,1/9/2016,0
2201,1/10/2016,0
2202,1/11/2016,0
2203,1/12/2016,0
2204,1/13/2016,0
2205,1/14/2016,0
2206,1/15/2016,0
2207,1/16/2016,0
2208,1/17/2016,0
2209,1/18/2016,0
2210,1/19/2016,0
2211,1/20/2016,0
2212,1/21/2016,0
2213,1/22/2016,0
2214,1/23/2016,0
2215,1/24/2016,0
2216,1/25/2016,0
2217,1/26/2016,0
2218,1/27/2016,0
2219,1/28/2016,0
2220,1/29/2016,0
2221,1/30/2016,0
2222,1/31/2016,0
2223,2/1/2016,0
2224,2/2/2016,0
2225,2/3/2016,0
2226,2/4/2016,0
2227,2/5/2016,0
2228,2/6/2016,0
2229,2/7/2016,0
2230,2/8/2016,0
2231,2/9/2016,0
2232,2/10/2016,0
2233,2/11/2016,0
2234,2/12/2016,0
2235,2/13/2016,0
2236,2/14/2016,0
2237,2/15/2016,0
2238,2/16/2016,0
2239,2/17/2016,0
2240,2/18/2016,0
2241,2/19/2016,0
2242,2/20/2016,0
2243,2/21/2016,0
2244,2/22/2016,0
2245,2/23/2016,0
2246,2/24/2016,0
2247,2/25/2016,0
2248,2/26/2016,0
2249,2/27/2016,0
2250,2/28/2016,0
2251,2/29/2016,0
2252,3/1/2016,0
2253,3/2/2016,0
2254,3/3/2016,0
2255,3/4/2016,0
2256,3/5/2016,0
2257,3/6/2016,0
2258,3/7/2016,0
2259,3/8/2016,0
2260,3/9/2016,0
2261,3/10/2016,0
2262,3/11/2016,0
2263,3/12/2016,0
2264,3/13/2016,0
2265,3/14/2016,0
2266,3/15/2016,0
2267,3/16/2016,0
2268,3/17/2016,0
2269,3/18/2016,0
2270,3/19/2016,0
2271,3/20/2016,0
2272,3/21/2016,0
2273,3/22/2016,0
2274,3/23/2016,0
2275,3/24/2016,0
2276,3/25/2016,0
2277,3/26/2016,0
2278,3/27/2016,0
2279,3/28/2016,0
2280,3/29/2016,0
2281,3/30/2016,0
2282,3/31/2016,0
2283,4/1/2016,0
2284,4/2/2016,0
2285,4/3/2016,0
2286,4/4/2016,0
2287,4/5/2016,0
2288,4/6/2016,0
2289,4/7/2016,0
2290,4/8/2016,0
2291,4/9/2016,0
2292,4/10/2016,0
2293,4/11/2016,0
2294,4/12/2016,0
2295,4/13/2016,0
2296,4/14/2016,0
2297,4/15/2016,0
2298,4/16/2016,0
2299,4/17/2016,0
2300,4/18/2016,0
2301,4/19/2016,0
2302,4/20/2016,0
2303,4/21/2016,0
2304,4/22/2016,0
2305,4/23/2016,0
2306,4/24/2016,0
2307,4/25/2016,0
2308,4/26/2016,0
2309,4/27/2016,0
2310,4/28/2016,0
2311,4/29/2016,0
2312,4/30/2016,0
2313,5/1/2016,0
2314,5/2/2016,0
2315,5/3/2016,0
2316,5/4/2016,0
2317,5/5/2016,0
2318,5/6/2016,0
2319,5/7/2016,0
2320,5/8/2016,0
2321,5/9/2016,0
2322,5/10/2016,0
2323,5/11/2016,0
2324,5/12/2016,0
2325,5/13/2016,0
2326,5/14/2016,0
2327,5/15/2016,0
2328,5/16/2016,0
2329,5/17/2016,0
2330,5/18/2016,0
2331,5/19/2016,0
2332,5/20/2016,0
2333,5/21/2016,0
2334,5/22/2016,0
2335,5/23/2016,0
2336,5/24/2016,0
2337,5/25/2016,0
2338,5/26/2016,0
2339,5/27/2016,0
2340,5/28/2016,0
2341,5/29/2016,0
2342,5/30/2016,0
2343,5/31/2016,0
2344,6/1/2016,0
2345,6/2/2016,0
2346,6/3/2016,0
2347,6/4/2016,0
2348,6/5/2016,0
2349,6/6/2016,0
2350,6/7/2016,0
2351,6/8/2016,0
2352,6/9/2016,0
2353,6/10/2016,0
2354,6/11/2016,0
2355,6/12/2016,0
2356,6/13/2016,0
2357,6/14/2016,0
2358,6/15/2016,0
2359,6/16/2016,0
2360,6/17/2016,0
2361,6/18/2016,0
2362,6/19/2016,0
2363,6/20/2016,0
2364,6/21/2016,0
2365,6/22/2016,0
2366,6/23/2016,0
2367,6/24/2016,0
2368,6/25/2016,0
2369,6/26/2016,0
2370,6/27/2016,0
2371,6/28/2016,0
2372,6/29/2016,0
2373,6/30/2016,0
2374,7/1/2016,0
2375,7/2/2016,0
2376,7/3/2016,0
2377,7/4/2016,0
2378,7/5/2016,0
2379,7/6/2016,0
2380,7/7/2016,0
2381,7/8/2016,0
2382,7/9/2016,0
2383,7/10/2016,0
2384,7/11/2016,0
2385,7/12/2016,0
2386,7/13/2016,0
2387,7/14/2016,0
2388,7/15/2016,0
2389,7/16/2016,0
2390,7/17/2016,0
2391,7/18/2016,0
2392,7/19/2016,0
2393,7/20/2016,0
2394,7/21/2016,0
2395,7/22/2016,0
2396,7/23/2016,0
2397,7/24/2016,0
2398,7/25/2016,0
2399,7/26/2016,0
2400,7/27/2016,0
2401,7/28/2016,0
2402,7/29/2016,0
2403,7/30/2016,0
2404,7/31/2016,0
2405,8/1/2016,0
2406,8/2/2016,0
2407,8/3/2016,0
2408,8/4/2016,0
2409,8/5/2016,0
2410,8/6/2016,0
2411,8/7/2016,0
2412,8/8/2016,0
2413,8/9/2016,0
2414,8/10/2016,0
2415,8/11/2016,0
2416,8/12/2016,0
2417,8/13/2016,0
2418,8/14/2016,0
2419,8/15/2016,0
2420,8/16/2016,0
2421,8/17/2016,0
2422,8/18/2016,0
2423,8/19/2016,0
2424,8/20/2016,0
2425,8/21/2016,0
2426,8/22/2016,0
2427,8/23/2016,0
2428,8/24/2016,0
2429,8/25/2016,0
2430,8/26/2016,0
2431,8/27/2016,0
2432,8/28/2016,0
2433,8/29/2016,0
2434,8/30/2016,0
2435,8/31/2016,0
2436,9/1/2016,0
2437,9/2/2016,0
2438,9/3/2016,0
2439,9/4/2016,0
2440,9/5/2016,0
2441,9/6/2016,0
2442,9/7/2016,0
2443,9/8/2016,0
2444,9/9/2016,0
2445,9/10/2016,0
2446,9/11/2016,0
2447,9/12/2016,0
2448,9/13/2016,0
2449,9/14/2016,0
2450,9/15/2016,0
2451,9/16/2016,0
2452,9/17/2016,0
2453,9/18/2016,0
2454,9/19/2016,0
2455,9/20/2016,0
2456,9/21/2016,0
2457,9/22/2016,0
2458,9/23/2016,0
2459,9/24/2016,0
2460,9/25/2016,0
2461,9/26/2016,0
2462,9/27/2016,0
2463,9/28/2016,0
2464,9/29/2016,0
2465,9/30/2016,0
2466,10/1/2016,0
2467,10/2/2016,0
2468,10/3/2016,0
2469,10/4/2016,0
2470,10/5/2016,0
2471,10/6/2016,0
2472,10/7/2016,0
2473,10/8/2016,0
2474,10/9/2016,0
2475,10/10/2016,0
2476,10/11/2016,0
2477,10/12/2016,0
2478,10/13/2016,0
2479,10/14/2016,0
2480,10/15/2016,0
2481,10/16/2016,0
2482,10/17/2016,0
2483,10/18/2016,0
2484,10/19/2016,0
2485,10/20/2016,0
2486,10/21/2016,0
2487,10/22/2016,0
2488,10/23/2016,0
2489,10/24/2016,0
2490,10/25/2016,0
2491,10/26/2016,0
2492,10/27/2016,0
2493,10/28/2016,0
2494,10/29/2016,0
2495,10/30/2016,0
2496,10/31/2016,0
2497,11/1/2016,0
2498,11/2/2016,0
2499,11/3/2016,0
2500,11/4/2016,0
2501,11/5/2016,0
2502,11/6/2016,0
2503,11/7/2016,0
2504,11/8/2016,0
2505,11/9/2016,0
2506,11/10/2016,0
2507,11/11/2016,0
2508,11/12/2016,0
2509,11/13/2016,0
2510,11/14/2016,0
2511,11/15/2016,0
2512,11/16/2016,0
2513,11/17/2016,0
2514,11/18/2016,0
2515,11/19/2016,0
2516,11/20/2016,0
2517,11/21/2016,0
2518,11/22/2016,0
2519,11/23/2016,0
2520,11/24/2016,0
2521,11/25/2016,0
2522,11/26/2016,0
2523,11/27/2016,0
2524,11/28/2016,0
2525,11/29/2016,0
2526,11/30/2016,0
2527,12/1/2016,0
2528,12/2/2016,0
2529,12/3/2016,0
2530,12/4/2016,0
2531,12/5/2016,0
2532,12/6/2016,0
2533,12/7/2016,0
2534,12/8/2016,0
2535,12/9/2016,0
2536,12/10/2016,0
2537,12/11/2016,0
2538,12/12/2016,0
2539,12/13/2016,0
2540,12/14/2016,0
2541,12/15/2016,0
2542,12/16/2016,0
2543,12/17/2016,0
2544,12/18/2016,0
2545,12/19/2016,0
2546,12/20/2016,0
2547,12/21/2016,0
2548,12/22/2016,0
2549,12/23/2016,0
2550,12/24/2016,0
2551,12/25/2016,0
2552,12/26/2016,0
2553,12/27/2016,0
2554,12/28/2016,0
2555,12/29/2016,0
2556,12/30/2016,0
2557,12/31/2016,0
2558,1/1/2017,0
2559,1/2/2017,0
2560,1/3/2017,0
2561,1/4/2017,0
2562,1/5/2017,0
2563,1/6/2017,0
2564,1/7/2017,0
2565,1/8/2017,0
2566,1/9/2017,0
2567,1/10/2017,0
2568,1/11/2017,0
2569,1/12/2017,0
2570,1/13/2017,0
2571,1/14/2017,0
2572,1/15/2017,0
2573,1/16/2017,0
2574,1/17/2017,0
2575,1/18/2017,0
2576,1/19/2017,0
2577,1/20/2017,0
2578,1/21/2017,0
2579,1/22/2017,0
2580,1/23/2017,0
2581,1/24/2017,0
2582,1/25/2017,0
2583,1/26/2017,0
2584,1/27/2017,0
2585,1/28/2017,0
2586,1/29/2017,0
2587,1/30/2017,0
2588,1/31/2017,0
2589,2/1/2017,0
2590,2/2/2017,0
2591,2/3/2017,0
2592,2/4/2017,0
2593,2/5/2017,0
2594,2/6/2017,0
2595,2/7/2017,0
2596,2/8/2017,0
2597,2/9/2017,0
2598,2/10/2017,0
2599,2/11/2017,0
2600,2/12/2017,0
2601,2/13/2017,0
2602,2/14/2017,0
2603,2/15/2017,0
2604,2/16/2017,0
2605,2/17/2017,0
2606,2/18/2017,0
2607,2/19/2017,0
2608,2/20/2017,0
2609,2/21/2017,0
2610,2/22/2017,0
2611,2/23/2017,0
2612,2/24/2017,0
2613,2/25/2017,0
2614,2/26/2017,0
2615,2/27/2017,0
2616,2/28/2017,0
2617,3/1/2017,0
2618,3/2/2017,0
2619,3/3/2017,0
2620,3/4/2017,0
2621,3/5/2017,0
2622,3/6/2017,0
2623,3/7/2017,0
2624,3/8/2017,0
2625,3/9/2017,0
2626,3/10/2017,0
2627,3/11/2017,0
2628,3/12/2017,0
2629,3/13/2017,0
2630,3/14/2017,0
2631,3/15/2017,0
2632,3/16/2017,0
2633,3/17/2017,0
2634,3/18/2017,0
2635,3/19/2017,0
2636,3/20/2017,0
2637,3/21/2017,0
2638,3/22/2017,0
2639,3/23/2017,0
2640,3/24/2017,0
2641,3/25/2017,0
2642,3/26/2017,0
2643,3/27/2017,0
2644,3/28/2017,0
2645,3/29/2017,0
2646,3/30/2017,0
2647,3/31/2017,0
2648,4/1/2017,0
2649,4/2/2017,0
2650,4/3/2017,0
2651,4/4/2017,0
2652,4/5/2017,0
2653,4/6/2017,0
2654,4/7/2017,0
2655,4/8/2017,0
2656,4/9/2017,0
2657,4/10/2017,0
2658,4/11/2017,0
2659,4/12/2017,0
2660,4/13/2017,0
2661,4/14/2017,0
2662,4/15/2017,0
2663,4/16/2017,0
2664,4/17/2017,0
2665,4/18/2017,0
2666,4/19/2017,0
2667,4/20/2017,0
2668,4/21/2017,0
2669,4/22/2017,0
2670,4/23/2017,0
2671,4/24/2017,0
2672,4/25/2017,0
2673,4/26/2017,0
2674,4/27/2017,0
2675,4/28/2017,0
2676,4/29/2017,0
2677,4/30/2017,0
2678,5/1/2017,0
2679,5/2/2017,0
2680,5/3/2017,0
2681,5/4/2017,0
2682,5/5/2017,0
2683,5/6/2017,0
2684,5/7/2017,0
2685,5/8/2017,0
2686,5/9/2017,0
2687,5/10/2017,0
2688,5/11/2017,0
2689,5/12/2017,0
2690,5/13/2017,0
2691,5/14/2017,0
2692,5/15/2017,0
2693,5/16/2017,0
2694,5/17/2017,0
2695,5/18/2017,0
2696,5/19/2017,0
2697,5/20/2017,0
2698,5/21/2017,0
2699,5/22/2017,0
2700,5/23/2017,0
2701,5/24/2017,0
2702,5/25/2017,0
2703,5/26/2017,0
2704,5/27/2017,0
2705,5/28/2017,0
2706,5/29/2017,0
2707,5/30/2017,0
2708,5/31/2017,0
2709,6/1/2017,0
2710,6/2/2017,0
2711,6/3/2017,0
2712,6/4/2017,0
2713,6/5/2017,0
2714,6/6/2017,0
2715,6/7/2017,0
2716,6/8/2017,0
2717,6/9/2017,0
2718,6/10/2017,0
2719,6/11/2017,0
2720,6/12/2017,0
2721,6/13/2017,0
2722,6/14/2017,0
2723,6/15/2017,0
2724,6/16/2017,0
2725,6/17/2017,0
2726,6/18/2017,0
2727,6/19/2017,0
2728,6/20/2017,0
2729,6/21/2017,0
2730,6/22/2017,0
2731,6/23/2017,0
2732,6/24/2017,0
2733,6/25/2017,0
2734,6/26/2017,0
2735,6/27/2017,0
2736,6/28/2017,0
2737,6/29/2017,0
2738,6/30/2017,0
2739,7/1/2017,0
2740,7/2/2017,0
2741,7/3/2017,0
2742,7/4/2017,0
2743,7/5/2017,0
2744,7/6/2017,0
2745,7/7/2017,0
2746,7/8/2017,0
2747,7/9/2017,0
2748,7/10/2017,0
2749,7/11/2017,0
2750,7/12/2017,0
2751,7/13/2017,0
2752,7/14/2017,0
2753,7/15/2017,0
2754,7/16/2017,0
2755,7/17/2017,0
2756,7/18/2017,0
2757,7/19/2017,0
2758,7/20/2017,0
2759,7/21/2017,0
2760,7/22/2017,0
2761,7/23/2017,0
2762,7/24/2017,0
2763,7/25/2017,0
2764,7/26/2017,0
2765,7/27/2017,0
2766,7/28/2017,0
2767,7/29/2017,0
2768,7/30/2017,0
2769,7/31/2017,0
2770,8/1/2017,0
2771,8/2/2017,0
2772,8/3/2017,0
2773,8/4/2017,0
2774,8/5/2017,0
2775,8/6/2017,0
2776,8/7/2017,0
2777,8/8/2017,0
2778,8/9/2017,0
2779,8/10/2017,0
2780,8/11/2017,0
2781,8/12/2017,0
2782,8/13/2017,0
2783,8/14/2017,0
2784,8/15/2017,0
2785,8/16/2017,0
2786,8/17/2017,0
2787,8/18/2017,0
2788,8/19/2017,0
2789,8/20/2017,0
2790,8/21/2017,0
2791,8/22/2017,0
2792,8/23/2017,0
2793,8/24/2017,0
2794,8/25/2017,0
2795,8/26/2017,0
2796,8/27/2017,0
2797,8/28/2017,0
2798,8/29/2017,0
2799,8/30/2017,0
2800,8/31/2017,0
2801,9/1/2017,0
2802,9/2/2017,0
2803,9/3/2017,0
2804,9/4/2017,0
2805,9/5/2017,0
2806,9/6/2017,0
2807,9/7/2017,0
2808,9/8/2017,0
2809,9/9/2017,0
2810,9/10/2017,0
2811,9/11/2017,0
2812,9/12/2017,0
2813,9/13/2017,0
2814,9/14/2017,0
2815,9/15/2017,0
2816,9/16/2017,0
2817,9/17/2017,0
2818,9/18/2017,0
2819,9/19/2017,0
2820,9/20/2017,0
2821,9/21/2017,0
2822,9/22/2017,0
2823,9/23/2017,0
2824,9/24/2017,0
2825,9/25/2017,0
2826,9/26/2017,0
2827,9/27/2017,0
2828,9/28/2017,0
2829,9/29/2017,0
2830,9/30/2017,0
2831,10/1/2017,0
2832,10/2/2017,0
2833,10/3/2017,0
2834,10/4/2017,0
2835,10/5/2017,0
2836,10/6/2017,0
2837,10/7/2017,0
2838,10/8/2017,0
2839,10/9/2017,0
2840,10/10/2017,0
2841,10/11/2017,0
2842,10/12/2017,0
2843,10/13/2017,0
2844,10/14/2017,0
2845,10/15/2017,0
2846,10/16/2017,0
2847,10/17/2017,0
2848,10/18/2017,0
2849,10/19/2017,0
2850,10/20/2017,0
2851,10/21/2017,0
2852,10/22/2017,0
2853,10/23/2017,0
2854,10/24/2017,0
2855,10/25/2017,0
2856,10/26/2017,0
2857,10/27/2017,0
2858,10/28/2017,0
2859,10/29/2017,0
2860,10/30/2017,0
2861,10/31/2017,0
2862,11/1/2017,0
2863,11/2/2017,0
2864,11/3/2017,0
2865,11/4/2017,0
2866,11/5/2017,0
2867,11/6/2017,0
2868,11/7/2017,0
2869,11/8/2017,0
2870,11/9/2017,0
2871,11/10/2017,0
2872,11/11/2017,0
2873,11/12/2017,0
2874,11/13/2017,0
2875,11/14/2017,0
2876,11/15/2017,0
2877,11/16/2017,0
2878,11/17/2017,0
2879,11/18/2017,0
2880,11/19/2017,0
2881,11/20/2017,0
2882,11/21/2017,0
2883,11/22/2017,0
2884,11/23/2017,0
2885,11/24/2017,0
2886,11/25/2017,0
2887,11/26/2017,0
2888,11/27/2017,0
2889,11/28/2017,0
2890,11/29/2017,0
2891,11/30/2017,0
2892,12/1/2017,0
2893,12/2/2017,0
2894,12/3/2017,0
2895,12/4/2017,0
2896,12/5/2017,0
2897,12/6/2017,0
2898,12/7/2017,0
2899,12/8/2017,0
2900,12/9/2017,0
2901,12/10/2017,0
2902,12/11/2017,0
2903,12/12/2017,0
2904,12/13/2017,0
2905,12/14/2017,0
2906,12/15/2017,0
2907,12/16/2017,0
2908,12/17/2017,0
2909,12/18/2017,0
2910,12/19/2017,0
2911,12/20/2017,0
2912,12/21/2017,0
2913,12/22/2017,0
2914,12/23/2017,0
2915,12/24/2017,0
2916,12/25/2017,0
2917,12/26/2017,0
2918,12/27/2017,0
2919,12/28/2017,0
2920,12/29/2017,0
2921,12/30/2017,0
2922,12/31/2017,0
2923,1/1/2018,0
2924,1/2/2018,0
2925,1/3/2018,0
2926,1/4/2018,0
2927,1/5/2018,0
2928,1/6/2018,0
2929,1/7/2018,0
2930,1/8/2018,0
2931,1/9/2018,0
2932,1/10/2018,0
2933,1/11/2018,0
2934,1/12/2018,0
2935,1/13/2018,0
2936,1/14/2018,0
2937,1/15/2018,0
2938,1/16/2018,0
2939,1/17/2018,0
2940,1/18/2018,0
2941,1/19/2018,0
2942,1/20/2018,0
2943,1/21/2018,0
2944,1/22/2018,0
2945,1/23/2018,0
2946,1/24/2018,0
2947,1/25/2018,0
2948,1/26/2018,0
2949,1/27/2018,0
2950,1/28/2018,0
2951,1/29/2018,0
2952,1/30/2018,0
2953,1/31/2018,0
2954,2/1/2018,0
2955,2/2/2018,0
2956,2/3/2018,0
2957,2/4/2018,0
2958,2/5/2018,0
2959,2/6/2018,0
2960,2/7/2018,0
2961,2/8/2018,0
2962,2/9/2018,0
2963,2/10/2018,0
2964,2/11/2018,0
2965,2/12/2018,0
2966,2/13/2018,0
2967,2/14/2018,0
2968,2/15/2018,0
2969,2/16/2018,0
2970,2/17/2018,0
2971,2/18/2018,0
2972,2/19/2018,0
2973,2/20/2018,0
2974,2/21/2018,0
2975,2/22/2018,0
2976,2/23/2018,0
2977,2/24/2018,0
2978,2/25/2018,0
2979,2/26/2018,0
2980,2/27/2018,0
2981,2/28/2018,0
2982,3/1/2018,0
2983,3/2/2018,0
2984,3/3/2018,0
2985,3/4/2018,0
2986,3/5/2018,0
2987,3/6/2018,0
2988,3/7/2018,0
2989,3/8/2018,0
2990,3/9/2018,0
2991,3/10/2018,0
2992,3/11/2018,0
2993,3/12/2018,0
2994,3/13/2018,0
2995,3/14/2018,0
2996,3/15/2018,0
2997,3/16/2018,0
2998,3/17/2018,0
2999,3/18/2018,0
3000,3/19/2018,0
3001,3/20/2018,0
3002,3/21/2018,0
3003,3/22/2018,0
3004,3/23/2018,0
3005,3/24/2018,0
3006,3/25/2018,0
3007,3/26/2018,0
3008,3/27/2018,0
3009,3/28/2018,0
3010,3/29/2018,0
3011,3/30/2018,0
3012,3/31/2018,0
3013,4/1/2018,0
3014,4/2/2018,0
3015,4/3/2018,0
3016,4/4/2018,0
3017,4/5/2018,0
3018,4/6/2018,0
3019,4/7/2018,0
3020,4/8/2018,0
3021,4/9/2018,0
3022,4/10/2018,0
3023,4/11/2018,0
3024,4/12/2018,0
3025,4/13/2018,0
3026,4/14/2018,0
3027,4/15/2018,0
3028,4/16/2018,0
3029,4/17/2018,0
3030,4/18/2018,0
3031,4/19/2018,0
3032,4/20/2018,0
3033,4/21/2018,0
3034,4/22/2018,0
3035,4/23/2018,0
3036,4/24/2018,0
3037,4/25/2018,0
3038,4/26/2018,0
3039,4/27/2018,0
3040,4/28/2018,0
3041,4/29/2018,0
3042,4/30/2018,0
3043,5/1/2018,0
3044,5/2/2018,0
3045,5/3/2018,0
3046,5/4/2018,0
3047,5/5/2018,0
3048,5/6/2018,0
3049,5/7/2018,0
3050,5/8/2018,0
3051,5/9/2018,0
3052,5/10/2018,0
3053,5/11/2018,0
3054,5/12/2018,0
3055,5/13/2018,0
3056,5/14/2018,0
3057,5/15/2018,0
3058,5/16/2018,0
3059,5/17/2018,0
3060,5/18/2018,0
3061,5/19/2018,0
3062,5/20/2018,0
3063,5/21/2018,0
3064,5/22/2018,0
3065,5/23/2018,0
3066,5/24/2018,0
3067,5/25/2018,0
3068,5/26/2018,0
3069,5/27/2018,0
3070,5/28/2018,0
3071,5/29/2018,0
3072,5/30/2018,0
3073,5/31/2018,0
3074,6/1/2018,0
3075,6/2/2018,0
3076,6/3/2018,0
3077,6/4/2018,0
3078,6/5/2018,0
3079,6/6/2018,0
3080,6/7/2018,0
3081,6/8/2018,0
3082,6/9/2018,0
3083,6/10/2018,0
3084,6/11/2018,0
3085,6/12/2018,0
3086,6/13/2018,0
3087,6/14/2018,0
3088,6/15/2018,0
3089,6/16/2018,0
3090,6/17/2018,0
3091,6/18/2018,0
3092,6/19/2018,0
3093,6/20/2018,0
3094,6/21/2018,0
3095,6/22/2018,0
3096,6/23/2018,0
3097,6/24/2018,0
3098,6/25/2018,0
3099,6/26/2018,0
3100,6/27/2018,0
3101,6/28/2018,0
3102,6/29/2018,0
3103,6/30/2018,0
3104,7/1/2018,0
3105,7/2/2018,0
3106,7/3/2018,0
3107,7/4/2018,0
3108,7/5/2018,0
3109,7/6/2018,0
3110,7/7/2018,0
3111,7/8/2018,0
3112,7/9/2018,0
3113,7/10/2018,0
3114,7/11/2018,0
3115,7/12/2018,0
3116,7/13/2018,0
3117,7/14/2018,0
3118,7/15/2018,0
3119,7/16/2018,0
3120,7/17/2018,0
3121,7/18/2018,0
3122,7/19/2018,0
3123,7/20/2018,0
3124,7/21/2018,0
3125,7/22/2018,0
3126,7/23/2018,0
3127,7/24/2018,0
3128,7/25/2018,0
3129,7/26/2018,0
3130,7/27/2018,0
3131,7/28/2018,0
3132,7/29/2018,0
3133,7/30/2018,0
3134,7/31/2018,0
3135,8/1/2018,0
3136,8/2/2018,0
3137,8/3/2018,0
3138,8/4/2018,0
3139,8/5/2018,0
3140,8/6/2018,0
3141,8/7/2018,0
3142,8/8/2018,0
3143,8/9/2018,0
3144,8/10/2018,0
3145,8/11/2018,0
3146,8/12/2018,0
3147,8/13/2018,0
3148,8/14/2018,0
3149,8/15/2018,0
3150,8/16/2018,0
3151,8/17/2018,0
3152,8/18/2018,0
3153,8/19/2018,0
3154,8/20/2018,0
3155,8/21/2018,0
3156,8/22/2018,0
3157,8/23/2018,0
3158,8/24/2018,0
3159,8/25/2018,0
3160,8/26/2018,0
3161,8/27/2018,0
3162,8/28/2018,0
3163,8/29/2018,0
3164,8/30/2018,0
3165,8/31/2018,0
3166,9/1/2018,0
3167,9/2/2018,0
3168,9/3/2018,0
3169,9/4/2018,0
3170,9/5/2018,0
3171,9/6/2018,0
3172,9/7/2018,0
3173,9/8/2018,0
3174,9/9/2018,0
3175,9/10/2018,0
3176,9/11/2018,0
3177,9/12/2018,0
3178,9/13/2018,0
3179,9/14/2018,0
3180,9/15/2018,0
3181,9/16/2018,0
3182,9/17/2018,0
3183,9/18/2018,0
3184,9/19/2018,0
3185,9/20/2018,0
3186,9/21/2018,0
3187,9/22/2018,0
3188,9/23/2018,0
3189,9/24/2018,0
3190,9/25/2018,0
3191,9/26/2018,0
3192,9/27/2018,0
3193,9/28/2018,0
3194,9/29/2018,0
3195,9/30/2018,0
3196,10/1/2018,0
3197,10/2/2018,0
3198,10/3/2018,0
3199,10/4/2018,0
3200,10/5/2018,0
3201,10/6/2018,0
3202,10/7/2018,0
3203,10/8/2018,0
3204,10/9/2018,0
3205,10/10/2018,0
3206,10/11/2018,0
3207,10/12/2018,0
3208,10/13/2018,0
3209,10/14/2018,0
3210,10/15/2018,0
3211,10/16/2018,0
3212,10/17/2018,0
3213,10/18/2018,0
3214,10/19/2018,0
3215,10/20/2018,0
3216,10/21/2018,0
3217,10/22/2018,0
3218,10/23/2018,0
3219,10/24/2018,0
3220,10/25/2018,0
3221,10/26/2018,0
3222,10/27/2018,0
3223,10/28/2018,0
3224,10/29/2018,0
3225,10/30/2018,0
3226,10/31/2018,0
3227,11/1/2018,0
3228,11/2/2018,0
3229,11/3/2018,0
3230,11/4/2018,0
3231,11/5/2018,0
3232,11/6/2018,0
3233,11/7/2018,0
3234,11/8/2018,0
3235,11/9/2018,0
3236,11/10/2018,0
3237,11/11/2018,0
3238,11/12/2018,0
3239,11/13/2018,0
3240,11/14/2018,0
3241,11/15/2018,0
3242,11/16/2018,0
3243,11/17/2018,0
3244,11/18/2018,0
3245,11/19/2018,0
3246,11/20/2018,0
3247,11/21/2018,0
3248,11/22/2018,0
3249,11/23/2018,0
3250,11/24/2018,0
3251,11/25/2018,0
3252,11/26/2018,0
3253,11/27/2018,0
3254,11/28/2018,0
3255,11/29/2018,0
3256,11/30/2018,0
3257,12/1/2018,0
3258,12/2/2018,0
3259,12/3/2018,0
3260,12/4/2018,0
3261,12/5/2018,0
3262,12/6/2018,0
3263,12/7/2018,0
3264,12/8/2018,0
3265,12/9/2018,0
3266,12/10/2018,0
3267,12/11/2018,0
3268,12/12/2018,0
3269,12/13/2018,0
3270,12/14/2018,0
3271,12/15/2018,0
3272,12/16/2018,0
3273,12/17/2018,0
3274,12/18/2018,0
3275,12/19/2018,0
3276,12/20/2018,0
3277,12/21/2018,0
3278,12/22/2018,0
3279,12/23/2018,0
3280,12/24/2018,0
3281,12/25/2018,0
3282,12/26/2018,0
3283,12/27/2018,0
3284,12/28/2018,0
3285,12/29/2018,0
3286,12/30/2018,0
3287,12/31/2018,0
3288,1/1/2019,0
3289,1/2/2019,0
3290,1/3/2019,0
3291,1/4/2019,0
3292,1/5/2019,0
3293,1/6/2019,0
3294,1/7/2019,0
3295,1/8/2019,0
3296,1/9/2019,0
3297,1/10/2019,0
3298,1/11/2019,0
3299,1/12/2019,0
3300,1/13/2019,0
3301,1/14/2019,0
3302,1/15/2019,0
3303,1/16/2019,0
3304,1/17/2019,0
3305,1/18/2019,0
3306,1/19/2019,0
3307,1/20/2019,0
3308,1/21/2019,0
3309,1/22/2019,0
3310,1/23/2019,0
3311,1/24/2019,0
3312,1/25/2019,0
3313,1/26/2019,0
3314,1/27/2019,0
3315,1/28/2019,0
3316,1/29/2019,0
3317,1/30/2019,0
3318,1/31/2019,0
3319,2/1/2019,0
3320,2/2/2019,0
3321,2/3/2019,0
3322,2/4/2019,0
3323,2/5/2019,0
3324,2/6/2019,0
3325,2/7/2019,0
3326,2/8/2019,0
3327,2/9/2019,0
3328,2/10/2019,0
3329,2/11/2019,0
3330,2/12/2019,0
3331,2/13/2019,0
3332,2/14/2019,0
3333,2/15/2019,0
3334,2/16/2019,0
3335,2/17/2019,0
3336,2/18/2019,0
3337,2/19/2019,0
3338,2/20/2019,0
3339,2/21/2019,0
3340,2/22/2019,0
3341,2/23/2019,0
3342,2/24/2019,0
3343,2/25/2019,0
3344,2/26/2019,0
3345,2/27/2019,0
3346,2/28/2019,0
3347,3/1/2019,0
3348,3/2/2019,0
3349,3/3/2019,0
3350,3/4/2019,0
3351,3/5/2019,0
3352,3/6/2019,0
3353,3/7/2019,0
3354,3/8/2019,0
3355,3/9/2019,0
3356,3/10/2019,0
3357,3/11/2019,0
3358,3/12/2019,0
3359,3/13/2019,0
3360,3/14/2019,0
3361,3/15/2019,0
3362,3/16/2019,0
3363,3/17/2019,0
3364,3/18/2019,0
3365,3/19/2019,0
3366,3/20/2019,0
3367,3/21/2019,0
3368,3/22/2019,0
3369,3/23/2019,0
3370,3/24/2019,0
3371,3/25/2019,0
3372,3/26/2019,0
3373,3/27/2019,0
3374,3/28/2019,0
3375,3/29/2019,0
3376,3/30/2019,0
3377,3/31/2019,0
3378,4/1/2019,0
3379,4/2/2019,0
3380,4/3/2019,0
3381,4/4/2019,0
3382,4/5/2019,0
3383,4/6/2019,0
3384,4/7/2019,0
3385,4/8/2019,0
3386,4/9/2019,0
3387,4/10/2019,0
3388,4/11/2019,0
3389,4/12/2019,0
3390,4/13/2019,0
3391,4/14/2019,0
3392,4/15/2019,0
3393,4/16/2019,0
3394,4/17/2019,0
3395,4/18/2019,0
3396,4/19/2019,0
3397,4/20/2019,0
3398,4/21/2019,0
3399,4/22/2019,0
3400,4/23/2019,0
3401,4/24/2019,0
3402,4/25/2019,0
3403,4/26/2019,0
3404,4/27/2019,0
3405,4/28/2019,0
3406,4/29/2019,0
3407,4/30/2019,0
3408,5/1/2019,0
3409,5/2/2019,0
3410,5/3/2019,0
3411,5/4/2019,0
3412,5/5/2019,0
3413,5/6/2019,0
3414,5/7/2019,0
3415,5/8/2019,0
3416,5/9/2019,0
3417,5/10/2019,0
3418,5/11/2019,0
3419,5/12/2019,0
3420,5/13/2019,0
3421,5/14/2019,0
3422,5/15/2019,0
3423,5/16/2019,0
3424,5/17/2019,0
3425,5/18/2019,0
3426,5/19/2019,0
3427,5/20/2019,0
3428,5/21/2019,0
3429,5/22/2019,0
3430,5/23/2019,0
3431,5/24/2019,0
3432,5/25/2019,0
3433,5/26/2019,0
3434,5/27/2019,0
3435,5/28/2019,0
3436,5/29/2019,0
3437,5/30/2019,0
3438,5/31/2019,0
3439,6/1/2019,0
3440,6/2/2019,0
3441,6/3/2019,0
3442,6/4/2019,0
3443,6/5/2019,0
3444,6/6/2019,0
3445,6/7/2019,0
3446,6/8/2019,0
3447,6/9/2019,0
3448,6/10/2019,0
3449,6/11/2019,0
3450,6/12/2019,0
3451,6/13/2019,0
3452,6/14/2019,0
3453,6/15/2019,0
3454,6/16/2019,0
3455,6/17/2019,0
3456,6/18/2019,0
3457,6/19/2019,0
3458,6/20/2019,0
3459,6/21/2019,0
3460,6/22/2019,0
3461,6/23/2019,0
3462,6/24/2019,0
3463,6/25/2019,0
3464,6/26/2019,0
3465,6/27/2019,0
3466,6/28/2019,0
3467,6/29/2019,0
3468,6/30/2019,0
3469,7/1/2019,0
3470,7/2/2019,0
3471,7/3/2019,0
3472,7/4/2019,0
3473,7/5/2019,0
3474,7/6/2019,0
3475,7/7/2019,0
3476,7/8/2019,0
3477,7/9/2019,0
3478,7/10/2019,0
3479,7/11/2019,0
3480,7/12/2019,0
3481,7/13/2019,0
3482,7/14/2019,0
3483,7/15/2019,0
3484,7/16/2019,0
3485,7/17/2019,0
3486,7/18/2019,0
3487,7/19/2019,0
3488,7/20/2019,0
3489,7/21/2019,0
3490,7/22/2019,0
3491,7/23/2019,0
3492,7/24/2019,0
3493,7/25/2019,0
3494,7/26/2019,0
3495,7/27/2019,0
3496,7/28/2019,0
3497,7/29/2019,0
3498,7/30/2019,0
3499,7/31/2019,0
3500,8/1/2019,0
3501,8/2/2019,0
3502,8/3/2019,0
3503,8/4/2019,0
3504,8/5/2019,0
3505,8/6/2019,0
3506,8/7/2019,0
3507,8/8/2019,0
3508,8/9/2019,0
3509,8/10/2019,0
3510,8/11/2019,0
3511,8/12/2019,0
3512,8/13/2019,0
3513,8/14/2019,0
3514,8/15/2019,0
3515,8/16/2019,0
3516,8/17/2019,0
3517,8/18/2019,0
3518,8/19/2019,0
3519,8/20/2019,0
3520,8/21/2019,0
3521,8/22/2019,0
3522,8/23/2019,0
3523,8/24/2019,0
3524,8/25/2019,0
3525,8/26/2019,0
3526,8/27/2019,0
3527,8/28/2019,0
3528,8/29/2019,0
3529,8/30/2019,0
3530,8/31/2019,0
3531,9/1/2019,0
3532,9/2/2019,0
3533,9/3/2019,0
3534,9/4/2019,0
3535,9/5/2019,0
3536,9/6/2019,0
3537,9/7/2019,0
3538,9/8/2019,0
3539,9/9/2019,0
3540,9/10/2019,0
3541,9/11/2019,0
3542,9/12/2019,0
3543,9/13/2019,0
3544,9/14/2019,0
3545,9/15/2019,0
3546,9/16/2019,0
3547,9/17/2019,0
3548,9/18/2019,0
3549,9/19/2019,0
3550,9/20/2019,0
3551,9/21/2019,0
3552,9/22/2019,0
3553,9/23/2019,0
3554,9/24/2019,0
3555,9/25/2019,0
3556,9/26/2019,0
3557,9/27/2019,0
3558,9/28/2019,0
3559,9/29/2019,0
3560,9/30/2019,0
3561,10/1/2019,0
3562,10/2/2019,0
3563,10/3/2019,0
3564,10/4/2019,0
3565,10/5/2019,0
3566,10/6/2019,0
3567,10/7/2019,0
3568,10/8/2019,0
3569,10/9/2019,0
3570,10/10/2019,0
3571,10/11/2019,0
3572,10/12/2019,0
3573,10/13/2019,0
3574,10/14/2019,0
3575,10/15/2019,0
3576,10/16/2019,0
3577,10/17/2019,0
3578,10/18/2019,0
3579,10/19/2019,0
3580,10/20/2019,0
3581,10/21/2019,0
3582,10/22/2019,0
3583,10/23/2019,0
3584,10/24/2019,0
3585,10/25/2019,0
3586,10/26/2019,0
3587,10/27/2019,0
3588,10/28/2019,0
3589,10/29/2019,0
3590,10/30/2019,0
3591,10/31/2019,0
3592,11/1/2019,0
3593,11/2/2019,0
3594,11/3/2019,0
3595,11/4/2019,0
3596,11/5/2019,0
3597,11/6/2019,0
3598,11/7/2019,0
3599,11/8/2019,0
3600,11/9/2019,0
3601,11/10/2019,0
3602,11/11/2019,0
3603,11/12/2019,0
3604,11/13/2019,0
3605,11/14/2019,0
3606,11/15/2019,0
3607,11/16/2019,0
3608,11/17/2019,0
3609,11/18/2019,0
3610,11/19/2019,0
3611,11/20/2019,0
3612,11/21/2019,0
3613,11/22/2019,0
3614,11/23/2019,0
3615,11/24/2019,0
3616,11/25/2019,0
3617,11/26/2019,0
3618,11/27/2019,0
3619,11/28/2019,0
3620,11/29/2019,0
3621,11/30/2019,0
3622,12/1/2019,0
3623,12/2/2019,0
3624,12/3/2019,0
3625,12/4/2019,0
3626,12/5/2019,0
3627,12/6/2019,0
3628,12/7/2019,0
3629,12/8/2019,0
3630,12/9/2019,0
3631,12/10/2019,0
3632,12/11/2019,0
3633,12/12/2019,0
3634,12/13/2019,0
3635,12/14/2019,0
3636,12/15/2019,0
3637,12/16/2019,0
3638,12/17/2019,0
3639,12/18/2019,0
3640,12/19/2019,0
3641,12/20/2019,0
3642,12/21/2019,0
3643,12/22/2019,0
3644,12/23/2019,0
3645,12/24/2019,0
3646,12/25/2019,0
3647,12/26/2019,0
3648,12/27/2019,0
3649,12/28/2019,0
3650,12/29/2019,0
3651,12/30/2019,0
3652,12/31/2019,0
3653,1/1/2020,0
3654,1/2/2020,0
3655,1/3/2020,0
3656,1/4/2020,0
3657,1/5/2020,0
3658,1/6/2020,0
3659,1/7/2020,0
3660,1/8/2020,0
3661,1/9/2020,0
3662,1/10/2020,0
3663,1/11/2020,0
3664,1/12/2020,0
3665,1/13/2020,0
3666,1/14/2020,0
3667,1/15/2020,0
3668,1/16/2020,0
3669,1/17/2020,0
3670,1/18/2020,0
3671,1/19/2020,0
3672,1/20/2020,0
3673,1/21/2020,0
3674,1/22/2020,0
3675,1/23/2020,0
3676,1/24/2020,0
3677,1/25/2020,0
3678,1/26/2020,0
3679,1/27/2020,0
3680,1/28/2020,0
3681,1/29/2020,0
3682,1/30/2020,0
3683,1/31/2020,0
3684,2/1/2020,0
3685,2/2/2020,0
3686,2/3/2020,0
3687,2/4/2020,0
3688,2/5/2020,0
3689,2/6/2020,0
3690,2/7/2020,0
3691,2/8/2020,0
3692,2/9/2020,0
3693,2/10/2020,0
3694,2/11/2020,0
3695,2/12/2020,0
3696,2/13/2020,0
3697,2/14/2020,0
3698,2/15/2020,0
3699,2/16/2020,0
3700,2/17/2020,0
3701,2/18/2020,0
3702,2/19/2020,0
3703,2/20/2020,0
3704,2/21/2020,0
3705,2/22/2020,0
3706,2/23/2020,0
3707,2/24/2020,0
3708,2/25/2020,0
3709,2/26/2020,0
3710,2/27/2020,0
3711,2/28/2020,0
3712,2/29/2020,0
3713,3/1/2020,1
3714,3/2/2020,1
3715,3/3/2020,1
3716,3/4/2020,1
3717,3/5/2020,1
3718,3/6/2020,1
3719,3/7/2020,1
3720,3/8/2020,1
3721,3/9/2020,1
3722,3/10/2020,1
3723,3/11/2020,1
3724,3/12/2020,1
3725,3/13/2020,1
3726,3/14/2020,1
3727,3/15/2020,1
3728,3/16/2020,1
3729,3/17/2020,1
3730,3/18/2020,1
3731,3/19/2020,1
3732,3/20/2020,1
3733,3/21/2020,1
3734,3/22/2020,1
3735,3/23/2020,1
3736,3/24/2020,1
3737,3/25/2020,1
3738,3/26/2020,1
3739,3/27/2020,1
3740,3/28/2020,1
3741,3/29/2020,1
3742,3/30/2020,1
3743,3/31/2020,1
3744,4/1/2020,1
3745,4/2/2020,1
3746,4/3/2020,1
3747,4/4/2020,1
3748,4/5/2020,1
3749,4/6/2020,1
3750,4/7/2020,1
3751,4/8/2020,1
3752,4/9/2020,1
3753,4/10/2020,1
3754,4/11/2020,1
3755,4/12/2020,1
3756,4/13/2020,1
3757,4/14/2020,1
3758,4/15/2020,1
3759,4/16/2020,1
3760,4/17/2020,1
3761,4/18/2020,1
3762,4/19/2020,1
3763,4/20/2020,1
3764,4/21/2020,1
3765,4/22/2020,1
3766,4/23/2020,1
3767,4/24/2020,1
3768,4/25/2020,1
3769,4/26/2020,1
3770,4/27/2020,1
3771,4/28/2020,1
3772,4/29/2020,1
3773,4/30/2020,1
3774,5/1/2020,1
3775,5/2/2020,1
3776,5/3/2020,1
3777,5/4/2020,1
3778,5/5/2020,1
3779,5/6/2020,1
3780,5/7/2020,1
3781,5/8/2020,1
3782,5/9/2020,1
3783,5/10/2020,1
3784,5/11/2020,1
3785,5/12/2020,1
3786,5/13/2020,1
3787,5/14/2020,1
3788,5/15/2020,1
3789,5/16/2020,1
3790,5/17/2020,1
3791,5/18/2020,1
3792,5/19/2020,1
3793,5/20/2020,1
3794,5/21/2020,1
3795,5/22/2020,1
3796,5/23/2020,1
3797,5/24/2020,1
3798,5/25/2020,1
3799,5/26/2020,1
3800,5/27/2020,1
3801,5/28/2020,1
3802,5/29/2020,1
3803,5/30/2020,1
3804,5/31/2020,1
3805,6/1/2020,1
3806,6/2/2020,1
3807,6/3/2020,1
3808,6/4/2020,1
3809,6/5/2020,1
3810,6/6/2020,1
3811,6/7/2020,1
3812,6/8/2020,1
3813,6/9/2020,1
3814,6/10/2020,1
3815,6/11/2020,1
3816,6/12/2020,1
3817,6/13/2020,1
3818,6/14/2020,1
3819,6/15/2020,1
3820,6/16/2020,1
3821,6/17/2020,1
3822,6/18/2020,1
3823,6/19/2020,1
3824,6/20/2020,1
3825,6/21/2020,1
3826,6/22/2020,1
3827,6/23/2020,1
3828,6/24/2020,1
3829,6/25/2020,1
3830,6/26/2020,1
3831,6/27/2020,1
3832,6/28/2020,1
3833,6/29/2020,1
3834,6/30/2020,1
3835,7/1/2020,1
3836,7/2/2020,1
3837,7/3/2020,1
3838,7/4/2020,1
3839,7/5/2020,1
3840,7/6/2020,1
3841,7/7/2020,1
3842,7/8/2020,1
3843,7/9/2020,1
3844,7/10/2020,1
3845,7/11/2020,1
3846,7/12/2020,1
3847,7/13/2020,1
3848,7/14/2020,1
3849,7/15/2020,1
3850,7/16/2020,1
3851,7/17/2020,1
3852,7/18/2020,1
3853,7/19/2020,1
3854,7/20/2020,1
3855,7/21/2020,1
3856,7/22/2020,1
3857,7/23/2020,1
3858,7/24/2020,1
3859,7/25/2020,1
3860,7/26/2020,1
3861,7/27/2020,1
3862,7/28/2020,1
3863,7/29/2020,1
3864,7/30/2020,1
3865,7/31/2020,1
3866,8/1/2020,1
3867,8/2/2020,1
3868,8/3/2020,1
3869,8/4/2020,1
3870,8/5/2020,1
3871,8/6/2020,1
3872,8/7/2020,1
3873,8/8/2020,1
3874,8/9/2020,1
3875,8/10/2020,1
3876,8/11/2020,1
3877,8/12/2020,1
3878,8/13/2020,1
3879,8/14/2020,1
3880,8/15/2020,1
3881,8/16/2020,1
3882,8/17/2020,1
3883,8/18/2020,1
3884,8/19/2020,1
3885,8/20/2020,1
3886,8/21/2020,1
3887,8/22/2020,1
3888,8/23/2020,1
3889,8/24/2020,1
3890,8/25/2020,1
3891,8/26/2020,1
3892,8/27/2020,1
3893,8/28/2020,1
3894,8/29/2020,1
3895,8/30/2020,1
3896,8/31/2020,1
3897,9/1/2020,1
3898,9/2/2020,1
3899,9/3/2020,1
3900,9/4/2020,1
3901,9/5/2020,1
3902,9/6/2020,1
3903,9/7/2020,1
3904,9/8/2020,1
3905,9/9/2020,1
3906,9/10/2020,1
3907,9/11/2020,1
3908,9/12/2020,1
3909,9/13/2020,1
3910,9/14/2020,1
3911,9/15/2020,1
3912,9/16/2020,1
3913,9/17/2020,1
3914,9/18/2020,1
3915,9/19/2020,1
3916,9/20/2020,1
3917,9/21/2020,1
3918,9/22/2020,1
3919,9/23/2020,1
3920,9/24/2020,1
3921,9/25/2020,1
3922,9/26/2020,1
3923,9/27/2020,1
3924,9/28/2020,1
3925,9/29/2020,1
3926,9/30/2020,1
3927,10/1/2020,1
3928,10/2/2020,1
3929,10/3/2020,1
3930,10/4/2020,1
3931,10/5/2020,1
3932,10/6/2020,1
3933,10/7/2020,1
3934,10/8/2020,1
3935,10/9/2020,1
3936,10/10/2020,1
3937,10/11/2020,1
3938,10/12/2020,1
3939,10/13/2020,1
3940,10/14/2020,1
3941,10/15/2020,1
3942,10/16/2020,1
3943,10/17/2020,1
3944,10/18/2020,1
3945,10/19/2020,1
3946,10/20/2020,1
3947,10/21/2020,1
3948,10/22/2020,1
3949,10/23/2020,1
3950,10/24/2020,1
3951,10/25/2020,1
3952,10/26/2020,1
3953,10/27/2020,1
3954,10/28/2020,1
3955,10/29/2020,1
3956,10/30/2020,1
3957,10/31/2020,1
3958,11/1/2020,1
3959,11/2/2020,1
3960,11/3/2020,1
3961,11/4/2020,1
3962,11/5/2020,1
3963,11/6/2020,1
3964,11/7/2020,1
3965,11/8/2020,1
3966,11/9/2020,1
3967,11/10/2020,1
3968,11/11/2020,1
3969,11/12/2020,1
3970,11/13/2020,1
3971,11/14/2020,1
3972,11/15/2020,1
3973,11/16/2020,1
3974,11/17/2020,1
3975,11/18/2020,1
3976,11/19/2020,1
3977,11/20/2020,1
3978,11/21/2020,1
3979,11/22/2020,1
3980,11/23/2020,1
3981,11/24/2020,1
3982,11/25/2020,1
3983,11/26/2020,1
3984,11/27/2020,1
3985,11/28/2020,1
3986,11/29/2020,1
3987,11/30/2020,1
3988,12/1/2020,1
3989,12/2/2020,1
3990,12/3/2020,1
3991,12/4/2020,1
3992,12/5/2020,1
3993,12/6/2020,1
3994,12/7/2020,1
3995,12/8/2020,1
3996,12/9/2020,1
3997,12/10/2020,1
3998,12/11/2020,1
3999,12/12/2020,1
4000,12/13/2020,1
4001,12/14/2020,1
4002,12/15/2020,1
4003,12/16/2020,1
4004,12/17/2020,1
4005,12/18/2020,1
4006,12/19/2020,1
4007,12/20/2020,1
4008,12/21/2020,1
4009,12/22/2020,1
4010,12/23/2020,1
4011,12/24/2020,1
4012,12/25/2020,1
4013,12/26/2020,1
4014,12/27/2020,1
4015,12/28/2020,1
4016,12/29/2020,1
4017,12/30/2020,1
4018,12/31/2020,1
4019,1/1/2021,0
4020,1/2/2021,0
4021,1/3/2021,0
4022,1/4/2021,0
4023,1/5/2021,0
4024,1/6/2021,0
4025,1/7/2021,0
4026,1/8/2021,0
4027,1/9/2021,0
4028,1/10/2021,0
4029,1/11/2021,0
4030,1/12/2021,0
4031,1/13/2021,0
4032,1/14/2021,0
4033,1/15/2021,0
4034,1/16/2021,0
4035,1/17/2021,0
4036,1/18/2021,0
4037,1/19/2021,0
4038,1/20/2021,0
4039,1/21/2021,0
4040,1/22/2021,0
4041,1/23/2021,0
4042,1/24/2021,0
4043,1/25/2021,0
4044,1/26/2021,0
4045,1/27/2021,0
4046,1/28/2021,0
4047,1/29/2021,0
4048,1/30/2021,0
4049,1/31/2021,0
4050,2/1/2021,0
4051,2/2/2021,0
4052,2/3/2021,0
4053,2/4/2021,0
4054,2/5/2021,0
4055,2/6/2021,0
4056,2/7/2021,0
4057,2/8/2021,0
4058,2/9/2021,0
4059,2/10/2021,0
4060,2/11/2021,0
4061,2/12/2021,0
4062,2/13/2021,0
4063,2/14/2021,0
4064,2/15/2021,0
4065,2/16/2021,0
4066,2/17/2021,0
4067,2/18/2021,0
4068,2/19/2021,0
4069,2/20/2021,0
4070,2/21/2021,0
4071,2/22/2021,0
4072,2/23/2021,0
4073,2/24/2021,0
4074,2/25/2021,0
4075,2/26/2021,0
4076,2/27/2021,0
4077,2/28/2021,0
4078,3/1/2021,0
4079,3/2/2021,0
4080,3/3/2021,0
4081,3/4/2021,0
4082,3/5/2021,0
4083,3/6/2021,0
4084,3/7/2021,0
4085,3/8/2021,0
4086,3/9/2021,0
4087,3/10/2021,0
4088,3/11/2021,0
4089,3/12/2021,0
4090,3/13/2021,0
4091,3/14/2021,0
4092,3/15/2021,0
4093,3/16/2021,0
4094,3/17/2021,0
4095,3/18/2021,0
4096,3/19/2021,0
4097,3/20/2021,0
4098,3/21/2021,0
4099,3/22/2021,0
4100,3/23/2021,0
4101,3/24/2021,0
4102,3/25/2021,0
4103,3/26/2021,0
4104,3/27/2021,0
4105,3/28/2021,0
4106,3/29/2021,0
4107,3/30/2021,0
4108,3/31/2021,0
4109,4/1/2021,0
4110,4/2/2021,0
4111,4/3/2021,0
4112,4/4/2021,0
4113,4/5/2021,0
4114,4/6/2021,0
4115,4/7/2021,0
4116,4/8/2021,0
4117,4/9/2021,0
4118,4/10/2021,0
4119,4/11/2021,0
4120,4/12/2021,0
4121,4/13/2021,0
4122,4/14/2021,0
4123,4/15/2021,0
4124,4/16/2021,0
4125,4/17/2021,0
4126,4/18/2021,0
4127,4/19/2021,0
4128,4/20/2021,0
4129,4/21/2021,0
4130,4/22/2021,0
4131,4/23/2021,0
4132,4/24/2021,0
4133,4/25/2021,0
4134,4/26/2021,0
4135,4/27/2021,0
4136,4/28/2021,0
4137,4/29/2021,0
4138,4/30/2021,0
4139,5/1/2021,0
4140,5/2/2021,0
4141,5/3/2021,0
4142,5/4/2021,0
4143,5/5/2021,0
4144,5/6/2021,0
4145,5/7/2021,0
4146,5/8/2021,0
4147,5/9/2021,0
4148,5/10/2021,0
4149,5/11/2021,0
4150,5/12/2021,0
4151,5/13/2021,0
4152,5/14/2021,0
4153,5/15/2021,0
4154,5/16/2021,0
4155,5/17/2021,0
4156,5/18/2021,0
4157,5/19/2021,0
4158,5/20/2021,0
4159,5/21/2021,0
4160,5/22/2021,0
4161,5/23/2021,0
4162,5/24/2021,0
4163,5/25/2021,0
4164,5/26/2021,0
4165,5/27/2021,0
4166,5/28/2021,0
4167,5/29/2021,0
4168,5/30/2021,0
4169,5/31/2021,0
4170,6/1/2021,0
4171,6/2/2021,0
4172,6/3/2021,0
4173,6/4/2021,0
4174,6/5/2021,0
4175,6/6/2021,0
4176,6/7/2021,0
4177,6/8/2021,0
4178,6/9/2021,0
4179,6/10/2021,0
4180,6/11/2021,0
4181,6/12/2021,0
4182,6/13/2021,0
4183,6/14/2021,0
4184,6/15/2021,0
4185,6/16/2021,0
4186,6/17/2021,0
4187,6/18/2021,0
4188,6/19/2021,0
4189,6/20/2021,0
4190,6/21/2021,0
4191,6/22/2021,0
4192,6/23/2021,0
4193,6/24/2021,0
4194,6/25/2021,0
4195,6/26/2021,0
4196,6/27/2021,0
4197,6/28/2021,0
4198,6/29/2021,0
4199,6/30/2021,0
4200,7/1/2021,0
4201,7/2/2021,0
4202,7/3/2021,0
4203,7/4/2021,0
4204,7/5/2021,0
4205,7/6/2021,0
4206,7/7/2021,0
4207,7/8/2021,0
4208,7/9/2021,0
4209,7/10/2021,0
4210,7/11/2021,0
4211,7/12/2021,0
4212,7/13/2021,0
4213,7/14/2021,0
4214,7/15/2021,0
4215,7/16/2021,0
4216,7/17/2021,0
4217,7/18/2021,0
4218,7/19/2021,0
4219,7/20/2021,0
4220,7/21/2021,0
4221,7/22/2021,0
4222,7/23/2021,0
4223,7/24/2021,0
4224,7/25/2021,0
4225,7/26/2021,0
4226,7/27/2021,0
4227,7/28/2021,0
4228,7/29/2021,0
4229,7/30/2021,0
4230,7/31/2021,0
4231,8/1/2021,0
4232,8/2/2021,0
4233,8/3/2021,0
4234,8/4/2021,0
4235,8/5/2021,0
4236,8/6/2021,0
4237,8/7/2021,0
4238,8/8/2021,0
4239,8/9/2021,0
4240,8/10/2021,0
4241,8/11/2021,0
4242,8/12/2021,0
4243,8/13/2021,0
4244,8/14/2021,0
4245,8/15/2021,0
4246,8/16/2021,0
4247,8/17/2021,0
4248,8/18/2021,0
4249,8/19/2021,0
4250,8/20/2021,0
4251,8/21/2021,0
4252,8/22/2021,0
4253,8/23/2021,0
4254,8/24/2021,0
